slate_date,game_id,game,source,source_type,prediction_bucket,label,market_type,team,player,opponent,pitcher,line,odds,odds_estimated,implied_probability,fair_probability,fair_odds,edge,edge_pct,stake_units,confidence_tier,source_confidence,gates_passed,gate_status,gate_conditions,promotion_eligibility,kill_switch,audit_ledger,rationale_short,rationale_full,status,result,profit_units,grading_notes,source_urls,timestamp
2026-05-14,,Royals @ White Sox,Deep Research packet PDF,deep_research_packet,research_candidate,LEAN,HR,Royals,Bobby Witt Jr.,,"Anthony Kay, LHP",,+450 at Covers; +410 FanDuel,,,,,,,,Lean,B,false,PENDING,,,NOT_CLEARED,,Bobby Witt Jr. HR,"Covers highlighted Witt; 191 wRC+ over prior two weeks, five HR in that stretch, strong vs LHP, Kay righty-damage concerns. Risk/missing gates: Wind in at Rate Field; fair probability not loaded; need live price check.",research_ingested,LOSS,,"Bobby Witt Jr.: 1-for-3, BB, 1 TB, 0 HR. White Sox beat Royals 6-2. Dry-run candidate only; no official BET/stake was created.",/Users/christianmay/Downloads/EchoIQ v3 research packet for May 14 MLB slate.pdf,2026-05-14T18:39:00-04:00
2026-05-14,,Cubs @ Braves,Deep Research packet PDF,deep_research_packet,research_candidate,LEAN,HR,Braves,Matt Olson,,"Ben Brown, RHP",,+320 to +350,,,,,,,,Lean,B,false,PENDING,,,NOT_CLEARED,,Matt Olson HR,Olson power line plus best HR weather among clean night games and Brown likely limited leash. Risk/missing gates: Fair probability; bullpen confirmation; Brown quality indicators; Braves missing Acuna/Murphy.,research_ingested,LOSS,,"Matt Olson: 1-for-4, 1 TB, 0 HR. Cubs beat Braves 2-0. Dry-run candidate only; no official BET/stake was created.",/Users/christianmay/Downloads/EchoIQ v3 research packet for May 14 MLB slate.pdf,2026-05-14T18:39:00-04:00
2026-05-14,,Cubs @ Braves,Deep Research packet PDF,deep_research_packet,research_candidate,WATCHLIST,HR,Braves,Drake Baldwin,,"Ben Brown, RHP",,+470,,,,,,,,Watchlist,B,false,PENDING,,,NOT_CLEARED,,Drake Baldwin HR,Leadoff with weather help and 11 HR in 43 games on FanDuel HR sheet. Risk/missing gates: Fair probability; bullpen map; Brown-quality/small-sample risk.,research_ingested,LOSS,,"Drake Baldwin: 1-for-4, 1 TB, 0 HR. Cubs beat Braves 2-0. Dry-run candidate only; no official BET/stake was created.",/Users/christianmay/Downloads/EchoIQ v3 research packet for May 14 MLB slate.pdf,2026-05-14T18:39:00-04:00
2026-05-14,,Cubs @ Braves,Deep Research packet PDF,deep_research_packet,research_candidate,WATCHLIST,HR,Braves,Michael Harris II,,"Ben Brown, RHP",,+430,,,,,,,,Watchlist,B,false,PENDING,,,NOT_CLEARED,,Michael Harris II HR,"Middle-order role, weather boost, and possible early Chicago middle relief. Risk/missing gates: Fair probability; Brown swing-and-miss/run-prevention risk.",research_ingested,LOSS,,"Michael Harris II: 1-for-4, 1 TB, 0 HR. Cubs beat Braves 2-0. Dry-run candidate only; no official BET/stake was created.",/Users/christianmay/Downloads/EchoIQ v3 research packet for May 14 MLB slate.pdf,2026-05-14T18:39:00-04:00
2026-05-14,,Giants @ Dodgers,Deep Research packet PDF,deep_research_packet,research_candidate,WATCHLIST,HR,Dodgers,Max Muncy,,"Landen Roupp, RHP",,+419,,,,,,,,Watchlist,B,false,PENDING,,,NOT_CLEARED,,Max Muncy HR,Shortest Dodgers HR price; heart-of-order role and slight weather bump. Risk/missing gates: Fair probability; full Giants lineup context.,research_ingested,LOSS,,"Max Muncy: 0-for-3, BB, 0 TB, 0 HR. Dodgers beat Giants 5-2. Dry-run candidate only; no official BET/stake was created.",/Users/christianmay/Downloads/EchoIQ v3 research packet for May 14 MLB slate.pdf,2026-05-14T18:39:00-04:00
2026-05-14,,Giants @ Dodgers,Deep Research packet PDF,deep_research_packet,research_candidate,WATCHLIST,HR,Dodgers,Will Smith,,"Landen Roupp, RHP",,+520,,,,,,,,Watchlist,B,false,PENDING,,,NOT_CLEARED,,Will Smith HR,Leadoff DH role gives clean PA projection; slight breeze out. Risk/missing gates: Fair probability; Giants lineup; Ohtani rest changes lineup shape.,research_ingested,HIT,,"Will Smith: 1-for-3, HR, 1 RBI, BB, 4 TB. Dodgers beat Giants 5-2. Dry-run candidate only; no official BET/stake was created.",/Users/christianmay/Downloads/EchoIQ v3 research packet for May 14 MLB slate.pdf,2026-05-14T18:39:00-04:00
2026-05-14,,Giants @ Dodgers,Deep Research packet PDF,deep_research_packet,research_candidate,WATCHLIST,HR,Dodgers,Freddie Freeman,,"Landen Roupp, RHP",,+589,,,,,,,,Watchlist,B,false,PENDING,,,NOT_CLEARED,,Freddie Freeman HR,Two-hole hitter with stable floor/PA profile and slight weather assist. Risk/missing gates: Fair probability; Giants lineup.,research_ingested,LOSS,,"Freddie Freeman: 0-for-4, 0 TB, 0 HR. Dodgers beat Giants 5-2. Dry-run candidate only; no official BET/stake was created.",/Users/christianmay/Downloads/EchoIQ v3 research packet for May 14 MLB slate.pdf,2026-05-14T18:39:00-04:00
2026-05-14,,Giants @ Dodgers,Deep Research packet PDF,deep_research_packet,research_candidate,WATCHLIST,HR,Dodgers,Kyle Tucker,,"Landen Roupp, RHP",,+590 to +610,,,,,,,,Watchlist,B,false,PENDING,,,NOT_CLEARED,,Kyle Tucker HR,Third in lineup with slight weather lift; price near +600. Risk/missing gates: Fair probability; Giants lineup; TB may be cleaner than HR.,research_ingested,LOSS,,"Kyle Tucker: 0-for-4, 0 TB, 0 HR. Dodgers beat Giants 5-2. Dry-run candidate only; no official BET/stake was created.",/Users/christianmay/Downloads/EchoIQ v3 research packet for May 14 MLB slate.pdf,2026-05-14T18:39:00-04:00
2026-05-14,,Phillies @ Red Sox,Deep Research packet PDF,deep_research_packet,research_candidate,CONDITIONAL,HR,Phillies,Kyle Schwarber,,"Ranger Suarez, LHP",,+390,,,,,,,,Conditional,C,false,CONDITIONAL,Delay resolution; relisted odds; lineup recheck; fair price,,NOT_CLEARED,,Kyle Schwarber HR,"Raw HR ceiling, but delayed/rainy game with Turner illness noise caps usability. Risk/missing gates: Delay resolution; relisted odds; lineup recheck; fair price.",research_ingested,HIT,,"Kyle Schwarber: 1-for-5, HR, 2 RBI, 4 TB. Phillies beat Red Sox 3-1 after delayed-start weather gate. Dry-run candidate only; no official BET/stake was created.",/Users/christianmay/Downloads/EchoIQ v3 research packet for May 14 MLB slate.pdf,2026-05-14T18:39:00-04:00
2026-05-14,,Phillies @ Red Sox,Deep Research packet PDF,deep_research_packet,research_candidate,CONDITIONAL,HR,Phillies,Bryce Harper,,"Ranger Suarez, LHP",,+590 to +630,,,,,,,,Conditional,C,false,CONDITIONAL,Delay resolution; relisted odds; lineup recheck; fair price,,NOT_CLEARED,,Bryce Harper HR,"Premium lineup slot and market price, but same delay/weather and lefty-lefty risks. Risk/missing gates: Delay resolution; relisted odds; lineup recheck; fair price.",research_ingested,LOSS,,"Bryce Harper: 1-for-4, BB, 1 TB, 0 HR. Phillies beat Red Sox 3-1 after delayed-start weather gate. Dry-run candidate only; no official BET/stake was created.",/Users/christianmay/Downloads/EchoIQ v3 research packet for May 14 MLB slate.pdf,2026-05-14T18:39:00-04:00
2026-05-14,,Royals @ White Sox,Deep Research packet PDF,deep_research_packet,research_candidate,LEAN,TB,Royals,Bobby Witt Jr.,,"Anthony Kay, LHP",Over 1.5,-105,,,,,,,,Lean,B,false,PENDING,,,NOT_CLEARED,,Bobby Witt Jr. TB,"Confirmed No. 2 hitter, hot form, and Covers 2.09 TB projection. Risk/missing gates: Fair probability.",research_ingested,LOSS,,Bobby Witt Jr.: 1 TB; Over 1.5 TB missed. White Sox beat Royals 6-2. Dry-run candidate only; no official BET/stake was created.,/Users/christianmay/Downloads/EchoIQ v3 research packet for May 14 MLB slate.pdf,2026-05-14T18:39:00-04:00
2026-05-14,,Royals @ White Sox,Deep Research packet PDF,deep_research_packet,research_candidate,LEAN,HIT,Royals,Bobby Witt Jr.,,"Anthony Kay, LHP",Over 0.5,-295,,,,,,,,Lean,B,false,PENDING,,,NOT_CLEARED,,Bobby Witt Jr. HIT,High-floor hit market supported by lineup slot and recent form; not a parlay recommendation. Risk/missing gates: Fair probability; steep price.,research_ingested,HIT,,"Bobby Witt Jr.: 1 hit; Over 0.5 hit cashed, but v1 fair probability showed negative edge at -295. Dry-run candidate only; no official BET/stake was created.",/Users/christianmay/Downloads/EchoIQ v3 research packet for May 14 MLB slate.pdf,2026-05-14T18:39:00-04:00
2026-05-14,,Giants @ Dodgers,Deep Research packet PDF,deep_research_packet,research_candidate,WATCHLIST,TB,Dodgers,Freddie Freeman,,"Landen Roupp, RHP",Over 1.5,+125,,,,,,,,Watchlist,B,false,PENDING,,,NOT_CLEARED,,Freddie Freeman TB,Covers 1.67 TB projection; price/slot support more than pure mismatch. Risk/missing gates: Fair probability; Giants lineup.,research_ingested,LOSS,,Freddie Freeman: 0 TB; Over 1.5 TB missed. Dodgers beat Giants 5-2. Dry-run candidate only; no official BET/stake was created.,/Users/christianmay/Downloads/EchoIQ v3 research packet for May 14 MLB slate.pdf,2026-05-14T18:39:00-04:00
2026-05-14,,Giants @ Dodgers,Deep Research packet PDF,deep_research_packet,research_candidate,WATCHLIST,TB,Dodgers,Kyle Tucker,,"Landen Roupp, RHP",Over 1.5,+170,,,,,,,,Watchlist,B,false,PENDING,,,NOT_CLEARED,,Kyle Tucker TB,Covers 1.59 TB projection; TB cleaner fit than HR. Risk/missing gates: Fair probability; Giants lineup.,research_ingested,LOSS,,Kyle Tucker: 0 TB; Over 1.5 TB missed despite tiny positive v1 edge. Dodgers beat Giants 5-2. Dry-run candidate only; no official BET/stake was created.,/Users/christianmay/Downloads/EchoIQ v3 research packet for May 14 MLB slate.pdf,2026-05-14T18:39:00-04:00
2026-05-14,,Cubs @ Braves,Deep Research packet PDF,deep_research_packet,research_candidate,WATCHLIST,TB,Braves,Matt Olson,,"Ben Brown, RHP",Over 1.5,+165 to +190,,,,,,,,Watchlist,B,false,PENDING,,,NOT_CLEARED,,Matt Olson TB,Aggressive Atlanta price with big-season power and favorable weather. Risk/missing gates: Fair probability; bullpen check.,research_ingested,LOSS,,Matt Olson: 1 TB; Over 1.5 TB missed. Cubs beat Braves 2-0. Dry-run candidate only; no official BET/stake was created.,/Users/christianmay/Downloads/EchoIQ v3 research packet for May 14 MLB slate.pdf,2026-05-14T18:39:00-04:00
2026-05-14,,Cubs @ Braves,Deep Research packet PDF,deep_research_packet,research_candidate,WATCHLIST,TB,Braves,Austin Riley,,"Ben Brown, RHP",Over 1.5,+139,,,,,,,,Watchlist,B,false,PENDING,,,NOT_CLEARED,,Austin Riley TB,Covers 1.66 TB projection; lineup/weather help offset by Brown quality. Risk/missing gates: Fair probability.,research_ingested,LOSS,,Austin Riley: 1 TB; Over 1.5 TB missed. Cubs beat Braves 2-0. Dry-run candidate only; no official BET/stake was created.,/Users/christianmay/Downloads/EchoIQ v3 research packet for May 14 MLB slate.pdf,2026-05-14T18:39:00-04:00
2026-05-14,,Royals @ White Sox,Deep Research packet PDF,deep_research_packet,research_candidate,WATCHLIST,TB,Royals,Vinnie Pasquantino,,"Anthony Kay, LHP",Over 1.5,+181,,,,,,,,Watchlist,B,false,PENDING,,,NOT_CLEARED,,Vinnie Pasquantino TB,"Cleanup role keeps TB/RBI opportunity live, though Witt is cleaner. Risk/missing gates: Fair probability; lefty-lefty cap.",research_ingested,LOSS,,"Vinnie Pasquantino: 0-for-4, 0 TB; Over 1.5 TB missed. White Sox beat Royals 6-2. Dry-run candidate only; no official BET/stake was created.",/Users/christianmay/Downloads/EchoIQ v3 research packet for May 14 MLB slate.pdf,2026-05-14T18:39:00-04:00
2026-05-14,,Phillies @ Red Sox,Deep Research packet PDF,deep_research_packet,research_candidate,CONDITIONAL,TB,Phillies,Bryce Harper,,"Ranger Suarez, LHP",Over 1.5,+145,,,,,,,,Conditional,C,false,CONDITIONAL,Delay resolution; lineup recheck; fair probability,,NOT_CLEARED,,Bryce Harper TB,"Reasonable TB price, but rain delay and lefty-lefty gate remain. Risk/missing gates: Delay resolution; lineup recheck; fair probability.",research_ingested,LOSS,,Bryce Harper: 1 TB; Over 1.5 TB missed after weather/delay gate. Dry-run candidate only; no official BET/stake was created.,/Users/christianmay/Downloads/EchoIQ v3 research packet for May 14 MLB slate.pdf,2026-05-14T18:39:00-04:00
2026-05-14,,Phillies @ Red Sox,Deep Research packet PDF,deep_research_packet,research_candidate,CONDITIONAL,TB,Phillies,Kyle Schwarber,,"Ranger Suarez, LHP",Over 1.5,+165,,,,,,,,Conditional,C,false,CONDITIONAL,Delay resolution; relisted odds; fair probability,,NOT_CLEARED,,Kyle Schwarber TB,"Raw power and top-two slot, but weather is the entire story. Risk/missing gates: Delay resolution; relisted odds; fair probability.",research_ingested,HIT,,"Kyle Schwarber: HR, 4 TB; Over 1.5 TB hit, but pregame delay/relisted-odds gate remained open. Dry-run candidate only; no official BET/stake was created.",/Users/christianmay/Downloads/EchoIQ v3 research packet for May 14 MLB slate.pdf,2026-05-14T18:39:00-04:00
2026-05-14,,Phillies @ Red Sox,Deep Research packet PDF,deep_research_packet,research_candidate,CONDITIONAL,HIT,Red Sox,Wilyer Abreu,,"Jesus Luzardo, LHP",Over 0.5 hits / Over 1.5 TB,-168 / +181,,,,,,,,Conditional,C,false,CONDITIONAL,Delay resolution; lineup recheck; fair probability,,NOT_CLEARED,,Wilyer Abreu HIT,"Third in Boston order with hit-floor/TB pricing, but same delay/weather and lefty-lefty issues. Risk/missing gates: Delay resolution; lineup recheck; fair probability.",research_ingested,HIT,,"Wilyer Abreu: 2-for-4, 2 TB; Over 0.5 hit and Over 1.5 TB both hit, but delay/lineup/fair-probability gates stayed open. Dry-run candidate only; no official BET/stake was created.",/Users/christianmay/Downloads/EchoIQ v3 research packet for May 14 MLB slate.pdf,2026-05-14T18:39:00-04:00
2026-05-14,,Cubs @ Braves,Deep Research packet PDF,deep_research_packet,research_candidate,LEAN,ML,ATL,,,Ben Brown / Chris Sale,,ATL -188,,,,,,,,Lean,B,false,PENDING,,,NOT_CLEARED,,Braves,"Sale form, Cubs offensive drought, and Brown short leash support Atlanta side. Risk/missing gates: Bullpen fatigue check; fair price.",research_ingested,LOSS,,"Atlanta ML lost: Cubs beat Braves 2-0. Official May 14 sources conflict with the prompt context, which appears to describe May 13. Dry-run candidate only; no official BET/stake was created.",/Users/christianmay/Downloads/EchoIQ v3 research packet for May 14 MLB slate.pdf,2026-05-14T18:39:00-04:00
2026-05-14,,Royals @ White Sox,Deep Research packet PDF,deep_research_packet,research_candidate,LEAN,ML,KC,,,Kris Bubic / Anthony Kay,,KC -135,,,,,,,,Lean,B,false,PENDING,,,NOT_CLEARED,,Royals,Bubic form/current-roster matchup and Witt bat support Royals side. Risk/missing gates: Fair price; bullpen state.,research_ingested,LOSS,,Kansas City ML lost: White Sox beat Royals 6-2. Dry-run candidate only; no official BET/stake was created.,/Users/christianmay/Downloads/EchoIQ v3 research packet for May 14 MLB slate.pdf,2026-05-14T18:39:00-04:00
2026-05-14,,Royals @ White Sox,Deep Research packet PDF,deep_research_packet,research_candidate,CONDITIONAL,TOTAL,,,,Kris Bubic / Anthony Kay,Under 8.0 / 7.5,-120 / -114,,,,,,,,Conditional,B,false,CONDITIONAL,Closing total; fair price,,NOT_CLEARED,,Royals @ White Sox Under,"Cool air and wind in support under, but KC righty power and split market require book lock. Risk/missing gates: Closing total; fair price.",research_ingested,PUSH,,Actual total was 8. Under 8.0 pushed; Under 7.5 lost. Split line made the closing-number gate material. Dry-run candidate only; no official BET/stake was created.,/Users/christianmay/Downloads/EchoIQ v3 research packet for May 14 MLB slate.pdf,2026-05-14T18:39:00-04:00
2026-05-14,,Giants @ Dodgers,Deep Research packet PDF,deep_research_packet,research_candidate,LEAN,ML,LAD,,,Landen Roupp / Emmet Sheehan,,LAD -172,,,,,,,,Lean,B,false,PENDING,,,NOT_CLEARED,,Dodgers,"Dodgers had confirmed lineup and Sheehan note vs SF, but Ohtani rest and SF lineup gap cap confidence. Risk/missing gates: Giants lineup; fair price.",research_ingested,HIT,,Dodgers ML hit: Dodgers beat Giants 5-2. Still no official ROI because Giants lineup/fair-price gates were not cleared pregame. Dry-run candidate only; no official BET/stake was created.,/Users/christianmay/Downloads/EchoIQ v3 research packet for May 14 MLB slate.pdf,2026-05-14T18:39:00-04:00
2026-05-14,,Phillies @ Red Sox,Deep Research packet PDF,deep_research_packet,research_candidate,AVOID,TOTAL,,,,Jesus Luzardo / Ranger Suarez,Pre-delay total 7.0,PHI +110 / BOS -116; total 7.0,,,,,,,,Avoid,C,false,BLOCKED,,,NOT_CLEARED,,Phillies @ Red Sox Side/Total,"Delay risk, heavy rain, and lineup-status conflict make the board unstable. Risk/missing gates: New first-pitch time; relisted odds; lineup re-confirmation; fair price.",research_ingested,VOID,,Avoid row was not a bet candidate. Final: Phillies beat Red Sox 3-1; total 4. Delay/relisted-market gate correctly blocked official exposure. Dry-run candidate only; no official BET/stake was created.,/Users/christianmay/Downloads/EchoIQ v3 research packet for May 14 MLB slate.pdf,2026-05-14T18:39:00-04:00
