date,venue,game_id,away_team,home_team,run_factor,hr_factor,weather_factor,air_density,carry_grade,rh_hr_factor,lh_hr_factor,notes,source,source_url,timestamp,confidence
2026-05-02,Sutter Health Park,825014,Cleveland Guardians,Athletics,1.20,1.29,,,plus,,,Opus states Sutter Health Park +20% run factor and +29% HR factor; GPT PDF incorrectly lists Oakland Coliseum and lower factors.,Opus Part 1 + Part 2; official MLB venue check,/Users/christianmay/Library/Mobile Documents/com~apple~CloudDocs/Deep Research MLB/EchoIQ_May2_2026_Part2.md,2026-05-02T18:00:00Z,Medium
2026-05-02,Coors Field,824365,Atlanta Braves,Colorado Rockies,1.13,1.23,,,plus,,,Opus states Coors +13% runs and +23% HR; GPT PDF uses larger 1.30/1.50 park factors.,Opus Part 2,/Users/christianmay/Library/Mobile Documents/com~apple~CloudDocs/Deep Research MLB/EchoIQ_May2_2026_Part2.md,2026-05-02T18:00:00Z,Medium
2026-05-02,Wrigley Field,824685,Arizona Diamondbacks,Chicago Cubs,,0.88,,,minus,,,Opus cites Wrigley cold/wind-in HR suppression of roughly 10-15%; exact Ballpark Pal timestamp unavailable.,Opus Part 2,/Users/christianmay/Library/Mobile Documents/com~apple~CloudDocs/Deep Research MLB/EchoIQ_May2_2026_Part2.md,2026-05-02T18:00:00Z,Low
2026-05-02,Petco Park,823308,Chicago White Sox,San Diego Padres,0.90,0.80,,,minus,,,Petco pitcher-friendly context; numeric values from GPT PDF.,GPT updated PDF + Opus Part 2,/Users/christianmay/Downloads/EchoIQ MLB Slate Prediction + Betting Intelligence Report.pdf,2026-05-02T18:00:00Z,Medium
2026-05-02,Fenway Park,824771,Houston Astros,Boston Red Sox,,1.06,,,plus,,,Opus cites Fenway wind-out/HR boost for Yordan Alvarez; GPT PDF park-factor table conflicts lower.,Opus Part 1 + Part 2,/Users/christianmay/Library/Mobile Documents/com~apple~CloudDocs/Deep Research MLB/EchoIQ_May2_2026_Part2.md,2026-05-02T18:00:00Z,Low
2026-05-02,PNC Park,823388,Cincinnati Reds,Pittsburgh Pirates,0.88,0.78,,,minus,,,PNC/cold/rain context; numeric factors from GPT PDF while Opus emphasizes rain/cold uncertainty.,GPT updated PDF + Opus Part 2,/Users/christianmay/Downloads/EchoIQ MLB Slate Prediction + Betting Intelligence Report.pdf,2026-05-02T18:00:00Z,Low
2026-05-02,Comerica Park,824284,Texas Rangers,Detroit Tigers,1.10,1.30,,,plus,,,GPT PDF cites Comerica as boosted for run/HR context; Opus cites cold weather but wind out.,GPT updated PDF + Opus Part 2,/Users/christianmay/Downloads/EchoIQ MLB Slate Prediction + Betting Intelligence Report.pdf,2026-05-02T18:00:00Z,Medium
2026-05-02,Busch Stadium,823067,Los Angeles Dodgers,St. Louis Cardinals,0.93,1.20,,,neutral,,,"GPT PDF lists Busch factors, while Opus treats weather as neutral; use low confidence for conflict.",GPT updated PDF + Opus Part 2,/Users/christianmay/Downloads/EchoIQ MLB Slate Prediction + Betting Intelligence Report.pdf,2026-05-02T18:00:00Z,Low
2026-05-02,Tropicana Field,822988,San Francisco Giants,Tampa Bay Rays,,,,,neutral,,,Tropicana roof/dome context; exact Ballpark Pal values not supplied in Opus.,Opus Part 2,/Users/christianmay/Library/Mobile Documents/com~apple~CloudDocs/Deep Research MLB/EchoIQ_May2_2026_Part2.md,2026-05-02T18:00:00Z,Medium
