date,game_id,away_team,home_team,team,player,batting_order,position,handedness,lineup_status,source,source_url,timestamp,confidence
2026-05-02,823554,Baltimore Orioles,New York Yankees,Baltimore Orioles,Taylor Ward,1,LF,,confirmed,Official MLB Stats API feed/live,https://statsapi.mlb.com/api/v1.1/game/823554/feed/live,2026-05-02T18:10:00Z,High
2026-05-02,823554,Baltimore Orioles,New York Yankees,Baltimore Orioles,Gunnar Henderson,2,SS,,confirmed,Official MLB Stats API feed/live,https://statsapi.mlb.com/api/v1.1/game/823554/feed/live,2026-05-02T18:10:00Z,High
2026-05-02,823554,Baltimore Orioles,New York Yankees,Baltimore Orioles,Adley Rutschman,3,C,,confirmed,Official MLB Stats API feed/live,https://statsapi.mlb.com/api/v1.1/game/823554/feed/live,2026-05-02T18:10:00Z,High
2026-05-02,823554,Baltimore Orioles,New York Yankees,Baltimore Orioles,Pete Alonso,4,DH,,confirmed,Official MLB Stats API feed/live,https://statsapi.mlb.com/api/v1.1/game/823554/feed/live,2026-05-02T18:10:00Z,High
2026-05-02,823554,Baltimore Orioles,New York Yankees,Baltimore Orioles,Colton Cowser,5,CF,,confirmed,Official MLB Stats API feed/live,https://statsapi.mlb.com/api/v1.1/game/823554/feed/live,2026-05-02T18:10:00Z,High
2026-05-02,823554,Baltimore Orioles,New York Yankees,Baltimore Orioles,Samuel Basallo,6,1B,,confirmed,Official MLB Stats API feed/live,https://statsapi.mlb.com/api/v1.1/game/823554/feed/live,2026-05-02T18:10:00Z,High
2026-05-02,823554,Baltimore Orioles,New York Yankees,Baltimore Orioles,Jeremiah Jackson,7,2B,,confirmed,Official MLB Stats API feed/live,https://statsapi.mlb.com/api/v1.1/game/823554/feed/live,2026-05-02T18:10:00Z,High
2026-05-02,823554,Baltimore Orioles,New York Yankees,Baltimore Orioles,Dylan Beavers,8,RF,,confirmed,Official MLB Stats API feed/live,https://statsapi.mlb.com/api/v1.1/game/823554/feed/live,2026-05-02T18:10:00Z,High
2026-05-02,823554,Baltimore Orioles,New York Yankees,Baltimore Orioles,Blaze Alexander,9,3B,,confirmed,Official MLB Stats API feed/live,https://statsapi.mlb.com/api/v1.1/game/823554/feed/live,2026-05-02T18:10:00Z,High
2026-05-02,823554,Baltimore Orioles,New York Yankees,New York Yankees,Trent Grisham,1,CF,,confirmed,Official MLB Stats API feed/live,https://statsapi.mlb.com/api/v1.1/game/823554/feed/live,2026-05-02T18:10:00Z,High
2026-05-02,823554,Baltimore Orioles,New York Yankees,New York Yankees,Ben Rice,2,1B,,confirmed,Official MLB Stats API feed/live,https://statsapi.mlb.com/api/v1.1/game/823554/feed/live,2026-05-02T18:10:00Z,High
2026-05-02,823554,Baltimore Orioles,New York Yankees,New York Yankees,Aaron Judge,3,RF,,confirmed,Official MLB Stats API feed/live,https://statsapi.mlb.com/api/v1.1/game/823554/feed/live,2026-05-02T18:10:00Z,High
2026-05-02,823554,Baltimore Orioles,New York Yankees,New York Yankees,Cody Bellinger,4,LF,,confirmed,Official MLB Stats API feed/live,https://statsapi.mlb.com/api/v1.1/game/823554/feed/live,2026-05-02T18:10:00Z,High
2026-05-02,823554,Baltimore Orioles,New York Yankees,New York Yankees,Jazz Chisholm Jr.,5,2B,,confirmed,Official MLB Stats API feed/live,https://statsapi.mlb.com/api/v1.1/game/823554/feed/live,2026-05-02T18:10:00Z,High
2026-05-02,823554,Baltimore Orioles,New York Yankees,New York Yankees,Jasson Domínguez,6,DH,,confirmed,Official MLB Stats API feed/live,https://statsapi.mlb.com/api/v1.1/game/823554/feed/live,2026-05-02T18:10:00Z,High
2026-05-02,823554,Baltimore Orioles,New York Yankees,New York Yankees,J.C. Escarra,7,C,,confirmed,Official MLB Stats API feed/live,https://statsapi.mlb.com/api/v1.1/game/823554/feed/live,2026-05-02T18:10:00Z,High
2026-05-02,823554,Baltimore Orioles,New York Yankees,New York Yankees,Ryan McMahon,8,3B,,confirmed,Official MLB Stats API feed/live,https://statsapi.mlb.com/api/v1.1/game/823554/feed/live,2026-05-02T18:10:00Z,High
2026-05-02,823554,Baltimore Orioles,New York Yankees,New York Yankees,José Caballero,9,SS,,confirmed,Official MLB Stats API feed/live,https://statsapi.mlb.com/api/v1.1/game/823554/feed/live,2026-05-02T18:10:00Z,High
2026-05-02,823715,Toronto Blue Jays,Minnesota Twins,Toronto Blue Jays,Jesús Sánchez,1,DH,,confirmed,Official MLB Stats API feed/live,https://statsapi.mlb.com/api/v1.1/game/823715/feed/live,2026-05-02T18:10:00Z,High
2026-05-02,823715,Toronto Blue Jays,Minnesota Twins,Toronto Blue Jays,Ernie Clement,2,SS,,confirmed,Official MLB Stats API feed/live,https://statsapi.mlb.com/api/v1.1/game/823715/feed/live,2026-05-02T18:10:00Z,High
2026-05-02,823715,Toronto Blue Jays,Minnesota Twins,Toronto Blue Jays,Vladimir Guerrero Jr.,3,1B,,confirmed,Official MLB Stats API feed/live,https://statsapi.mlb.com/api/v1.1/game/823715/feed/live,2026-05-02T18:10:00Z,High
2026-05-02,823715,Toronto Blue Jays,Minnesota Twins,Toronto Blue Jays,Kazuma Okamoto,4,3B,,confirmed,Official MLB Stats API feed/live,https://statsapi.mlb.com/api/v1.1/game/823715/feed/live,2026-05-02T18:10:00Z,High
2026-05-02,823715,Toronto Blue Jays,Minnesota Twins,Toronto Blue Jays,Lenyn Sosa,5,2B,,confirmed,Official MLB Stats API feed/live,https://statsapi.mlb.com/api/v1.1/game/823715/feed/live,2026-05-02T18:10:00Z,High
2026-05-02,823715,Toronto Blue Jays,Minnesota Twins,Toronto Blue Jays,Daulton Varsho,6,CF,,confirmed,Official MLB Stats API feed/live,https://statsapi.mlb.com/api/v1.1/game/823715/feed/live,2026-05-02T18:10:00Z,High
2026-05-02,823715,Toronto Blue Jays,Minnesota Twins,Toronto Blue Jays,Myles Straw,7,RF,,confirmed,Official MLB Stats API feed/live,https://statsapi.mlb.com/api/v1.1/game/823715/feed/live,2026-05-02T18:10:00Z,High
2026-05-02,823715,Toronto Blue Jays,Minnesota Twins,Toronto Blue Jays,Davis Schneider,8,LF,,confirmed,Official MLB Stats API feed/live,https://statsapi.mlb.com/api/v1.1/game/823715/feed/live,2026-05-02T18:10:00Z,High
2026-05-02,823715,Toronto Blue Jays,Minnesota Twins,Toronto Blue Jays,Brandon Valenzuela,9,C,,confirmed,Official MLB Stats API feed/live,https://statsapi.mlb.com/api/v1.1/game/823715/feed/live,2026-05-02T18:10:00Z,High
2026-05-02,823715,Toronto Blue Jays,Minnesota Twins,Minnesota Twins,Byron Buxton,1,CF,,confirmed,Official MLB Stats API feed/live,https://statsapi.mlb.com/api/v1.1/game/823715/feed/live,2026-05-02T18:10:00Z,High
2026-05-02,823715,Toronto Blue Jays,Minnesota Twins,Minnesota Twins,Trevor Larnach,2,LF,,confirmed,Official MLB Stats API feed/live,https://statsapi.mlb.com/api/v1.1/game/823715/feed/live,2026-05-02T18:10:00Z,High
2026-05-02,823715,Toronto Blue Jays,Minnesota Twins,Minnesota Twins,Josh Bell,3,DH,,confirmed,Official MLB Stats API feed/live,https://statsapi.mlb.com/api/v1.1/game/823715/feed/live,2026-05-02T18:10:00Z,High
2026-05-02,823715,Toronto Blue Jays,Minnesota Twins,Minnesota Twins,Ryan Jeffers,4,C,,confirmed,Official MLB Stats API feed/live,https://statsapi.mlb.com/api/v1.1/game/823715/feed/live,2026-05-02T18:10:00Z,High
2026-05-02,823715,Toronto Blue Jays,Minnesota Twins,Minnesota Twins,Kody Clemens,5,1B,,confirmed,Official MLB Stats API feed/live,https://statsapi.mlb.com/api/v1.1/game/823715/feed/live,2026-05-02T18:10:00Z,High
2026-05-02,823715,Toronto Blue Jays,Minnesota Twins,Minnesota Twins,Luke Keaschall,6,2B,,confirmed,Official MLB Stats API feed/live,https://statsapi.mlb.com/api/v1.1/game/823715/feed/live,2026-05-02T18:10:00Z,High
2026-05-02,823715,Toronto Blue Jays,Minnesota Twins,Minnesota Twins,Matt Wallner,7,RF,,confirmed,Official MLB Stats API feed/live,https://statsapi.mlb.com/api/v1.1/game/823715/feed/live,2026-05-02T18:10:00Z,High
2026-05-02,823715,Toronto Blue Jays,Minnesota Twins,Minnesota Twins,Brooks Lee,8,SS,,confirmed,Official MLB Stats API feed/live,https://statsapi.mlb.com/api/v1.1/game/823715/feed/live,2026-05-02T18:10:00Z,High
2026-05-02,823715,Toronto Blue Jays,Minnesota Twins,Minnesota Twins,Tristan Gray,9,3B,,confirmed,Official MLB Stats API feed/live,https://statsapi.mlb.com/api/v1.1/game/823715/feed/live,2026-05-02T18:10:00Z,High
2026-05-02,824685,Arizona Diamondbacks,Chicago Cubs,Arizona Diamondbacks,Ketel Marte,1,2B,,confirmed,Official MLB Stats API feed/live,https://statsapi.mlb.com/api/v1.1/game/824685/feed/live,2026-05-02T18:10:00Z,High
2026-05-02,824685,Arizona Diamondbacks,Chicago Cubs,Arizona Diamondbacks,Geraldo Perdomo,2,SS,,confirmed,Official MLB Stats API feed/live,https://statsapi.mlb.com/api/v1.1/game/824685/feed/live,2026-05-02T18:10:00Z,High
2026-05-02,824685,Arizona Diamondbacks,Chicago Cubs,Arizona Diamondbacks,Corbin Carroll,3,RF,,confirmed,Official MLB Stats API feed/live,https://statsapi.mlb.com/api/v1.1/game/824685/feed/live,2026-05-02T18:10:00Z,High
2026-05-02,824685,Arizona Diamondbacks,Chicago Cubs,Arizona Diamondbacks,Ildemaro Vargas,4,1B,,confirmed,Official MLB Stats API feed/live,https://statsapi.mlb.com/api/v1.1/game/824685/feed/live,2026-05-02T18:10:00Z,High
2026-05-02,824685,Arizona Diamondbacks,Chicago Cubs,Arizona Diamondbacks,Lourdes Gurriel Jr.,5,LF,,confirmed,Official MLB Stats API feed/live,https://statsapi.mlb.com/api/v1.1/game/824685/feed/live,2026-05-02T18:10:00Z,High
2026-05-02,824685,Arizona Diamondbacks,Chicago Cubs,Arizona Diamondbacks,Nolan Arenado,6,DH,,confirmed,Official MLB Stats API feed/live,https://statsapi.mlb.com/api/v1.1/game/824685/feed/live,2026-05-02T18:10:00Z,High
2026-05-02,824685,Arizona Diamondbacks,Chicago Cubs,Arizona Diamondbacks,Jose Fernandez,7,3B,,confirmed,Official MLB Stats API feed/live,https://statsapi.mlb.com/api/v1.1/game/824685/feed/live,2026-05-02T18:10:00Z,High
2026-05-02,824685,Arizona Diamondbacks,Chicago Cubs,Arizona Diamondbacks,James McCann,8,C,,confirmed,Official MLB Stats API feed/live,https://statsapi.mlb.com/api/v1.1/game/824685/feed/live,2026-05-02T18:10:00Z,High
2026-05-02,824685,Arizona Diamondbacks,Chicago Cubs,Arizona Diamondbacks,Jorge Barrosa,9,CF,,confirmed,Official MLB Stats API feed/live,https://statsapi.mlb.com/api/v1.1/game/824685/feed/live,2026-05-02T18:10:00Z,High
2026-05-02,824685,Arizona Diamondbacks,Chicago Cubs,Chicago Cubs,Michael Busch,1,1B,,confirmed,Official MLB Stats API feed/live,https://statsapi.mlb.com/api/v1.1/game/824685/feed/live,2026-05-02T18:10:00Z,High
2026-05-02,824685,Arizona Diamondbacks,Chicago Cubs,Chicago Cubs,Moisés Ballesteros,2,DH,,confirmed,Official MLB Stats API feed/live,https://statsapi.mlb.com/api/v1.1/game/824685/feed/live,2026-05-02T18:10:00Z,High
2026-05-02,824685,Arizona Diamondbacks,Chicago Cubs,Chicago Cubs,Alex Bregman,3,3B,,confirmed,Official MLB Stats API feed/live,https://statsapi.mlb.com/api/v1.1/game/824685/feed/live,2026-05-02T18:10:00Z,High
2026-05-02,824685,Arizona Diamondbacks,Chicago Cubs,Chicago Cubs,Ian Happ,4,LF,,confirmed,Official MLB Stats API feed/live,https://statsapi.mlb.com/api/v1.1/game/824685/feed/live,2026-05-02T18:10:00Z,High
2026-05-02,824685,Arizona Diamondbacks,Chicago Cubs,Chicago Cubs,Seiya Suzuki,5,RF,,confirmed,Official MLB Stats API feed/live,https://statsapi.mlb.com/api/v1.1/game/824685/feed/live,2026-05-02T18:10:00Z,High
2026-05-02,824685,Arizona Diamondbacks,Chicago Cubs,Chicago Cubs,Pete Crow-Armstrong,6,CF,,confirmed,Official MLB Stats API feed/live,https://statsapi.mlb.com/api/v1.1/game/824685/feed/live,2026-05-02T18:10:00Z,High
2026-05-02,824685,Arizona Diamondbacks,Chicago Cubs,Chicago Cubs,Dansby Swanson,7,SS,,confirmed,Official MLB Stats API feed/live,https://statsapi.mlb.com/api/v1.1/game/824685/feed/live,2026-05-02T18:10:00Z,High
2026-05-02,824685,Arizona Diamondbacks,Chicago Cubs,Chicago Cubs,Matt Shaw,8,2B,,confirmed,Official MLB Stats API feed/live,https://statsapi.mlb.com/api/v1.1/game/824685/feed/live,2026-05-02T18:10:00Z,High
2026-05-02,824685,Arizona Diamondbacks,Chicago Cubs,Chicago Cubs,Miguel Amaya,9,C,,confirmed,Official MLB Stats API feed/live,https://statsapi.mlb.com/api/v1.1/game/824685/feed/live,2026-05-02T18:10:00Z,High
2026-05-02,825014,Cleveland Guardians,Athletics,Cleveland Guardians,Steven Kwan,1,CF,,confirmed,Official MLB Stats API feed/live,https://statsapi.mlb.com/api/v1.1/game/825014/feed/live,2026-05-02T18:10:00Z,High
2026-05-02,825014,Cleveland Guardians,Athletics,Cleveland Guardians,Angel Martínez,2,LF,,confirmed,Official MLB Stats API feed/live,https://statsapi.mlb.com/api/v1.1/game/825014/feed/live,2026-05-02T18:10:00Z,High
2026-05-02,825014,Cleveland Guardians,Athletics,Cleveland Guardians,José Ramírez,3,3B,,confirmed,Official MLB Stats API feed/live,https://statsapi.mlb.com/api/v1.1/game/825014/feed/live,2026-05-02T18:10:00Z,High
2026-05-02,825014,Cleveland Guardians,Athletics,Cleveland Guardians,Rhys Hoskins,4,1B,,confirmed,Official MLB Stats API feed/live,https://statsapi.mlb.com/api/v1.1/game/825014/feed/live,2026-05-02T18:10:00Z,High
2026-05-02,825014,Cleveland Guardians,Athletics,Cleveland Guardians,Chase DeLauter,5,DH,,confirmed,Official MLB Stats API feed/live,https://statsapi.mlb.com/api/v1.1/game/825014/feed/live,2026-05-02T18:10:00Z,High
2026-05-02,825014,Cleveland Guardians,Athletics,Cleveland Guardians,David Fry,6,RF,,confirmed,Official MLB Stats API feed/live,https://statsapi.mlb.com/api/v1.1/game/825014/feed/live,2026-05-02T18:10:00Z,High
2026-05-02,825014,Cleveland Guardians,Athletics,Cleveland Guardians,Travis Bazzana,7,2B,,confirmed,Official MLB Stats API feed/live,https://statsapi.mlb.com/api/v1.1/game/825014/feed/live,2026-05-02T18:10:00Z,High
2026-05-02,825014,Cleveland Guardians,Athletics,Cleveland Guardians,Austin Hedges,8,C,,confirmed,Official MLB Stats API feed/live,https://statsapi.mlb.com/api/v1.1/game/825014/feed/live,2026-05-02T18:10:00Z,High
2026-05-02,825014,Cleveland Guardians,Athletics,Cleveland Guardians,Brayan Rocchio,9,SS,,confirmed,Official MLB Stats API feed/live,https://statsapi.mlb.com/api/v1.1/game/825014/feed/live,2026-05-02T18:10:00Z,High
2026-05-02,825014,Cleveland Guardians,Athletics,Athletics,Nick Kurtz,1,1B,,confirmed,Official MLB Stats API feed/live,https://statsapi.mlb.com/api/v1.1/game/825014/feed/live,2026-05-02T18:10:00Z,High
2026-05-02,825014,Cleveland Guardians,Athletics,Athletics,Shea Langeliers,2,C,,confirmed,Official MLB Stats API feed/live,https://statsapi.mlb.com/api/v1.1/game/825014/feed/live,2026-05-02T18:10:00Z,High
2026-05-02,825014,Cleveland Guardians,Athletics,Athletics,Tyler Soderstrom,3,LF,,confirmed,Official MLB Stats API feed/live,https://statsapi.mlb.com/api/v1.1/game/825014/feed/live,2026-05-02T18:10:00Z,High
2026-05-02,825014,Cleveland Guardians,Athletics,Athletics,Brent Rooker,4,DH,,confirmed,Official MLB Stats API feed/live,https://statsapi.mlb.com/api/v1.1/game/825014/feed/live,2026-05-02T18:10:00Z,High
2026-05-02,825014,Cleveland Guardians,Athletics,Athletics,Carlos Cortes,5,RF,,confirmed,Official MLB Stats API feed/live,https://statsapi.mlb.com/api/v1.1/game/825014/feed/live,2026-05-02T18:10:00Z,High
2026-05-02,825014,Cleveland Guardians,Athletics,Athletics,Jacob Wilson,6,SS,,confirmed,Official MLB Stats API feed/live,https://statsapi.mlb.com/api/v1.1/game/825014/feed/live,2026-05-02T18:10:00Z,High
2026-05-02,825014,Cleveland Guardians,Athletics,Athletics,Jeff McNeil,7,2B,,confirmed,Official MLB Stats API feed/live,https://statsapi.mlb.com/api/v1.1/game/825014/feed/live,2026-05-02T18:10:00Z,High
2026-05-02,825014,Cleveland Guardians,Athletics,Athletics,Lawrence Butler,8,CF,,confirmed,Official MLB Stats API feed/live,https://statsapi.mlb.com/api/v1.1/game/825014/feed/live,2026-05-02T18:10:00Z,High
2026-05-02,825014,Cleveland Guardians,Athletics,Athletics,Darell Hernaiz,9,3B,,confirmed,Official MLB Stats API feed/live,https://statsapi.mlb.com/api/v1.1/game/825014/feed/live,2026-05-02T18:10:00Z,High
2026-05-02,823388,Cincinnati Reds,Pittsburgh Pirates,Cincinnati Reds,TJ Friedl,1,CF,,confirmed,Official MLB Stats API feed/live,https://statsapi.mlb.com/api/v1.1/game/823388/feed/live,2026-05-02T18:10:00Z,High
2026-05-02,823388,Cincinnati Reds,Pittsburgh Pirates,Cincinnati Reds,JJ Bleday,2,LF,,confirmed,Official MLB Stats API feed/live,https://statsapi.mlb.com/api/v1.1/game/823388/feed/live,2026-05-02T18:10:00Z,High
2026-05-02,823388,Cincinnati Reds,Pittsburgh Pirates,Cincinnati Reds,Elly De La Cruz,3,SS,,confirmed,Official MLB Stats API feed/live,https://statsapi.mlb.com/api/v1.1/game/823388/feed/live,2026-05-02T18:10:00Z,High
2026-05-02,823388,Cincinnati Reds,Pittsburgh Pirates,Cincinnati Reds,Sal Stewart,4,2B,,confirmed,Official MLB Stats API feed/live,https://statsapi.mlb.com/api/v1.1/game/823388/feed/live,2026-05-02T18:10:00Z,High
2026-05-02,823388,Cincinnati Reds,Pittsburgh Pirates,Cincinnati Reds,Nathaniel Lowe,5,DH,,confirmed,Official MLB Stats API feed/live,https://statsapi.mlb.com/api/v1.1/game/823388/feed/live,2026-05-02T18:10:00Z,High
2026-05-02,823388,Cincinnati Reds,Pittsburgh Pirates,Cincinnati Reds,Spencer Steer,6,1B,,confirmed,Official MLB Stats API feed/live,https://statsapi.mlb.com/api/v1.1/game/823388/feed/live,2026-05-02T18:10:00Z,High
2026-05-02,823388,Cincinnati Reds,Pittsburgh Pirates,Cincinnati Reds,Will Benson,7,RF,,confirmed,Official MLB Stats API feed/live,https://statsapi.mlb.com/api/v1.1/game/823388/feed/live,2026-05-02T18:10:00Z,High
2026-05-02,823388,Cincinnati Reds,Pittsburgh Pirates,Cincinnati Reds,Tyler Stephenson,8,C,,confirmed,Official MLB Stats API feed/live,https://statsapi.mlb.com/api/v1.1/game/823388/feed/live,2026-05-02T18:10:00Z,High
2026-05-02,823388,Cincinnati Reds,Pittsburgh Pirates,Cincinnati Reds,Ke'Bryan Hayes,9,3B,,confirmed,Official MLB Stats API feed/live,https://statsapi.mlb.com/api/v1.1/game/823388/feed/live,2026-05-02T18:10:00Z,High
2026-05-02,823388,Cincinnati Reds,Pittsburgh Pirates,Pittsburgh Pirates,Oneil Cruz,1,CF,,confirmed,Official MLB Stats API feed/live,https://statsapi.mlb.com/api/v1.1/game/823388/feed/live,2026-05-02T18:10:00Z,High
2026-05-02,823388,Cincinnati Reds,Pittsburgh Pirates,Pittsburgh Pirates,Brandon Lowe,2,2B,,confirmed,Official MLB Stats API feed/live,https://statsapi.mlb.com/api/v1.1/game/823388/feed/live,2026-05-02T18:10:00Z,High
2026-05-02,823388,Cincinnati Reds,Pittsburgh Pirates,Pittsburgh Pirates,Bryan Reynolds,3,LF,,confirmed,Official MLB Stats API feed/live,https://statsapi.mlb.com/api/v1.1/game/823388/feed/live,2026-05-02T18:10:00Z,High
2026-05-02,823388,Cincinnati Reds,Pittsburgh Pirates,Pittsburgh Pirates,Ryan O'Hearn,4,RF,,confirmed,Official MLB Stats API feed/live,https://statsapi.mlb.com/api/v1.1/game/823388/feed/live,2026-05-02T18:10:00Z,High
2026-05-02,823388,Cincinnati Reds,Pittsburgh Pirates,Pittsburgh Pirates,Nick Gonzales,5,3B,,confirmed,Official MLB Stats API feed/live,https://statsapi.mlb.com/api/v1.1/game/823388/feed/live,2026-05-02T18:10:00Z,High
2026-05-02,823388,Cincinnati Reds,Pittsburgh Pirates,Pittsburgh Pirates,Marcell Ozuna,6,DH,,confirmed,Official MLB Stats API feed/live,https://statsapi.mlb.com/api/v1.1/game/823388/feed/live,2026-05-02T18:10:00Z,High
2026-05-02,823388,Cincinnati Reds,Pittsburgh Pirates,Pittsburgh Pirates,Spencer Horwitz,7,1B,,confirmed,Official MLB Stats API feed/live,https://statsapi.mlb.com/api/v1.1/game/823388/feed/live,2026-05-02T18:10:00Z,High
2026-05-02,823388,Cincinnati Reds,Pittsburgh Pirates,Pittsburgh Pirates,Konnor Griffin,8,SS,,confirmed,Official MLB Stats API feed/live,https://statsapi.mlb.com/api/v1.1/game/823388/feed/live,2026-05-02T18:10:00Z,High
2026-05-02,823388,Cincinnati Reds,Pittsburgh Pirates,Pittsburgh Pirates,Henry Davis,9,C,,confirmed,Official MLB Stats API feed/live,https://statsapi.mlb.com/api/v1.1/game/823388/feed/live,2026-05-02T18:10:00Z,High
2026-05-02,822746,Milwaukee Brewers,Washington Nationals,Milwaukee Brewers,Garrett Mitchell,1,CF,,confirmed,Official MLB Stats API feed/live,https://statsapi.mlb.com/api/v1.1/game/822746/feed/live,2026-05-02T18:10:00Z,High
2026-05-02,822746,Milwaukee Brewers,Washington Nationals,Milwaukee Brewers,Brice Turang,2,2B,,confirmed,Official MLB Stats API feed/live,https://statsapi.mlb.com/api/v1.1/game/822746/feed/live,2026-05-02T18:10:00Z,High
2026-05-02,822746,Milwaukee Brewers,Washington Nationals,Milwaukee Brewers,William Contreras,3,DH,,confirmed,Official MLB Stats API feed/live,https://statsapi.mlb.com/api/v1.1/game/822746/feed/live,2026-05-02T18:10:00Z,High
2026-05-02,822746,Milwaukee Brewers,Washington Nationals,Milwaukee Brewers,Gary Sánchez,4,C,,confirmed,Official MLB Stats API feed/live,https://statsapi.mlb.com/api/v1.1/game/822746/feed/live,2026-05-02T18:10:00Z,High
2026-05-02,822746,Milwaukee Brewers,Washington Nationals,Milwaukee Brewers,Jake Bauers,5,1B,,confirmed,Official MLB Stats API feed/live,https://statsapi.mlb.com/api/v1.1/game/822746/feed/live,2026-05-02T18:10:00Z,High
2026-05-02,822746,Milwaukee Brewers,Washington Nationals,Milwaukee Brewers,Luis Rengifo,6,3B,,confirmed,Official MLB Stats API feed/live,https://statsapi.mlb.com/api/v1.1/game/822746/feed/live,2026-05-02T18:10:00Z,High
2026-05-02,822746,Milwaukee Brewers,Washington Nationals,Milwaukee Brewers,Brandon Lockridge,7,LF,,confirmed,Official MLB Stats API feed/live,https://statsapi.mlb.com/api/v1.1/game/822746/feed/live,2026-05-02T18:10:00Z,High
2026-05-02,822746,Milwaukee Brewers,Washington Nationals,Milwaukee Brewers,Sal Frelick,8,RF,,confirmed,Official MLB Stats API feed/live,https://statsapi.mlb.com/api/v1.1/game/822746/feed/live,2026-05-02T18:10:00Z,High
2026-05-02,822746,Milwaukee Brewers,Washington Nationals,Milwaukee Brewers,Joey Ortiz,9,SS,,confirmed,Official MLB Stats API feed/live,https://statsapi.mlb.com/api/v1.1/game/822746/feed/live,2026-05-02T18:10:00Z,High
2026-05-02,822746,Milwaukee Brewers,Washington Nationals,Washington Nationals,James Wood,1,LF,,confirmed,Official MLB Stats API feed/live,https://statsapi.mlb.com/api/v1.1/game/822746/feed/live,2026-05-02T18:10:00Z,High
2026-05-02,822746,Milwaukee Brewers,Washington Nationals,Washington Nationals,Curtis Mead,2,1B,,confirmed,Official MLB Stats API feed/live,https://statsapi.mlb.com/api/v1.1/game/822746/feed/live,2026-05-02T18:10:00Z,High
2026-05-02,822746,Milwaukee Brewers,Washington Nationals,Washington Nationals,Brady House,3,3B,,confirmed,Official MLB Stats API feed/live,https://statsapi.mlb.com/api/v1.1/game/822746/feed/live,2026-05-02T18:10:00Z,High
2026-05-02,822746,Milwaukee Brewers,Washington Nationals,Washington Nationals,CJ Abrams,4,SS,,confirmed,Official MLB Stats API feed/live,https://statsapi.mlb.com/api/v1.1/game/822746/feed/live,2026-05-02T18:10:00Z,High
2026-05-02,822746,Milwaukee Brewers,Washington Nationals,Washington Nationals,Jacob Young,5,CF,,confirmed,Official MLB Stats API feed/live,https://statsapi.mlb.com/api/v1.1/game/822746/feed/live,2026-05-02T18:10:00Z,High
2026-05-02,822746,Milwaukee Brewers,Washington Nationals,Washington Nationals,Daylen Lile,6,DH,,confirmed,Official MLB Stats API feed/live,https://statsapi.mlb.com/api/v1.1/game/822746/feed/live,2026-05-02T18:10:00Z,High
2026-05-02,822746,Milwaukee Brewers,Washington Nationals,Washington Nationals,Joey Wiemer,7,RF,,confirmed,Official MLB Stats API feed/live,https://statsapi.mlb.com/api/v1.1/game/822746/feed/live,2026-05-02T18:10:00Z,High
2026-05-02,822746,Milwaukee Brewers,Washington Nationals,Washington Nationals,Nasim Nuñez,8,2B,,confirmed,Official MLB Stats API feed/live,https://statsapi.mlb.com/api/v1.1/game/822746/feed/live,2026-05-02T18:10:00Z,High
2026-05-02,822746,Milwaukee Brewers,Washington Nationals,Washington Nationals,Keibert Ruiz,9,C,,confirmed,Official MLB Stats API feed/live,https://statsapi.mlb.com/api/v1.1/game/822746/feed/live,2026-05-02T18:10:00Z,High
2026-05-02,824771,Houston Astros,Boston Red Sox,Houston Astros,Carlos Correa,1,SS,,confirmed,Official MLB Stats API feed/live,https://statsapi.mlb.com/api/v1.1/game/824771/feed/live,2026-05-02T18:10:00Z,High
2026-05-02,824771,Houston Astros,Boston Red Sox,Houston Astros,Yordan Alvarez,2,DH,,confirmed,Official MLB Stats API feed/live,https://statsapi.mlb.com/api/v1.1/game/824771/feed/live,2026-05-02T18:10:00Z,High
2026-05-02,824771,Houston Astros,Boston Red Sox,Houston Astros,Isaac Paredes,3,3B,,confirmed,Official MLB Stats API feed/live,https://statsapi.mlb.com/api/v1.1/game/824771/feed/live,2026-05-02T18:10:00Z,High
2026-05-02,824771,Houston Astros,Boston Red Sox,Houston Astros,Christian Walker,4,1B,,confirmed,Official MLB Stats API feed/live,https://statsapi.mlb.com/api/v1.1/game/824771/feed/live,2026-05-02T18:10:00Z,High
2026-05-02,824771,Houston Astros,Boston Red Sox,Houston Astros,Jose Altuve,5,2B,,confirmed,Official MLB Stats API feed/live,https://statsapi.mlb.com/api/v1.1/game/824771/feed/live,2026-05-02T18:10:00Z,High
2026-05-02,824771,Houston Astros,Boston Red Sox,Houston Astros,Yainer Diaz,6,C,,confirmed,Official MLB Stats API feed/live,https://statsapi.mlb.com/api/v1.1/game/824771/feed/live,2026-05-02T18:10:00Z,High
2026-05-02,824771,Houston Astros,Boston Red Sox,Houston Astros,Brice Matthews,7,CF,,confirmed,Official MLB Stats API feed/live,https://statsapi.mlb.com/api/v1.1/game/824771/feed/live,2026-05-02T18:10:00Z,High
2026-05-02,824771,Houston Astros,Boston Red Sox,Houston Astros,Cam Smith,8,RF,,confirmed,Official MLB Stats API feed/live,https://statsapi.mlb.com/api/v1.1/game/824771/feed/live,2026-05-02T18:10:00Z,High
2026-05-02,824771,Houston Astros,Boston Red Sox,Houston Astros,Dustin Harris,9,LF,,confirmed,Official MLB Stats API feed/live,https://statsapi.mlb.com/api/v1.1/game/824771/feed/live,2026-05-02T18:10:00Z,High
2026-05-02,824771,Houston Astros,Boston Red Sox,Boston Red Sox,Jarren Duran,1,DH,,confirmed,Official MLB Stats API feed/live,https://statsapi.mlb.com/api/v1.1/game/824771/feed/live,2026-05-02T18:10:00Z,High
2026-05-02,824771,Houston Astros,Boston Red Sox,Boston Red Sox,Willson Contreras,2,1B,,confirmed,Official MLB Stats API feed/live,https://statsapi.mlb.com/api/v1.1/game/824771/feed/live,2026-05-02T18:10:00Z,High
2026-05-02,824771,Houston Astros,Boston Red Sox,Boston Red Sox,Roman Anthony,3,LF,,confirmed,Official MLB Stats API feed/live,https://statsapi.mlb.com/api/v1.1/game/824771/feed/live,2026-05-02T18:10:00Z,High
2026-05-02,824771,Houston Astros,Boston Red Sox,Boston Red Sox,Wilyer Abreu,4,RF,,confirmed,Official MLB Stats API feed/live,https://statsapi.mlb.com/api/v1.1/game/824771/feed/live,2026-05-02T18:10:00Z,High
2026-05-02,824771,Houston Astros,Boston Red Sox,Boston Red Sox,Trevor Story,5,SS,,confirmed,Official MLB Stats API feed/live,https://statsapi.mlb.com/api/v1.1/game/824771/feed/live,2026-05-02T18:10:00Z,High
2026-05-02,824771,Houston Astros,Boston Red Sox,Boston Red Sox,Marcelo Mayer,6,2B,,confirmed,Official MLB Stats API feed/live,https://statsapi.mlb.com/api/v1.1/game/824771/feed/live,2026-05-02T18:10:00Z,High
2026-05-02,824771,Houston Astros,Boston Red Sox,Boston Red Sox,Ceddanne Rafaela,7,CF,,confirmed,Official MLB Stats API feed/live,https://statsapi.mlb.com/api/v1.1/game/824771/feed/live,2026-05-02T18:10:00Z,High
2026-05-02,824771,Houston Astros,Boston Red Sox,Boston Red Sox,Connor Wong,8,C,,confirmed,Official MLB Stats API feed/live,https://statsapi.mlb.com/api/v1.1/game/824771/feed/live,2026-05-02T18:10:00Z,High
2026-05-02,824771,Houston Astros,Boston Red Sox,Boston Red Sox,Caleb Durbin,9,3B,,confirmed,Official MLB Stats API feed/live,https://statsapi.mlb.com/api/v1.1/game/824771/feed/live,2026-05-02T18:10:00Z,High
2026-05-02,823876,Philadelphia Phillies,Miami Marlins,Philadelphia Phillies,Trea Turner,1,SS,,confirmed,Official MLB Stats API feed/live,https://statsapi.mlb.com/api/v1.1/game/823876/feed/live,2026-05-02T18:10:00Z,High
2026-05-02,823876,Philadelphia Phillies,Miami Marlins,Philadelphia Phillies,Kyle Schwarber,2,DH,,confirmed,Official MLB Stats API feed/live,https://statsapi.mlb.com/api/v1.1/game/823876/feed/live,2026-05-02T18:10:00Z,High
2026-05-02,823876,Philadelphia Phillies,Miami Marlins,Philadelphia Phillies,Bryce Harper,3,1B,,confirmed,Official MLB Stats API feed/live,https://statsapi.mlb.com/api/v1.1/game/823876/feed/live,2026-05-02T18:10:00Z,High
2026-05-02,823876,Philadelphia Phillies,Miami Marlins,Philadelphia Phillies,Adolis García,4,CF,,confirmed,Official MLB Stats API feed/live,https://statsapi.mlb.com/api/v1.1/game/823876/feed/live,2026-05-02T18:10:00Z,High
2026-05-02,823876,Philadelphia Phillies,Miami Marlins,Philadelphia Phillies,Bryson Stott,5,2B,,confirmed,Official MLB Stats API feed/live,https://statsapi.mlb.com/api/v1.1/game/823876/feed/live,2026-05-02T18:10:00Z,High
2026-05-02,823876,Philadelphia Phillies,Miami Marlins,Philadelphia Phillies,Alec Bohm,6,3B,,confirmed,Official MLB Stats API feed/live,https://statsapi.mlb.com/api/v1.1/game/823876/feed/live,2026-05-02T18:10:00Z,High
2026-05-02,823876,Philadelphia Phillies,Miami Marlins,Philadelphia Phillies,J.T. Realmuto,7,C,,confirmed,Official MLB Stats API feed/live,https://statsapi.mlb.com/api/v1.1/game/823876/feed/live,2026-05-02T18:10:00Z,High
2026-05-02,823876,Philadelphia Phillies,Miami Marlins,Philadelphia Phillies,Garrett Stubbs,8,LF,,confirmed,Official MLB Stats API feed/live,https://statsapi.mlb.com/api/v1.1/game/823876/feed/live,2026-05-02T18:10:00Z,High
2026-05-02,823876,Philadelphia Phillies,Miami Marlins,Philadelphia Phillies,Felix Reyes,9,RF,,confirmed,Official MLB Stats API feed/live,https://statsapi.mlb.com/api/v1.1/game/823876/feed/live,2026-05-02T18:10:00Z,High
2026-05-02,823876,Philadelphia Phillies,Miami Marlins,Miami Marlins,Jakob Marsee,1,CF,,confirmed,Official MLB Stats API feed/live,https://statsapi.mlb.com/api/v1.1/game/823876/feed/live,2026-05-02T18:10:00Z,High
2026-05-02,823876,Philadelphia Phillies,Miami Marlins,Miami Marlins,Kyle Stowers,2,RF,,confirmed,Official MLB Stats API feed/live,https://statsapi.mlb.com/api/v1.1/game/823876/feed/live,2026-05-02T18:10:00Z,High
2026-05-02,823876,Philadelphia Phillies,Miami Marlins,Miami Marlins,Otto Lopez,3,SS,,confirmed,Official MLB Stats API feed/live,https://statsapi.mlb.com/api/v1.1/game/823876/feed/live,2026-05-02T18:10:00Z,High
2026-05-02,823876,Philadelphia Phillies,Miami Marlins,Miami Marlins,Xavier Edwards,4,2B,,confirmed,Official MLB Stats API feed/live,https://statsapi.mlb.com/api/v1.1/game/823876/feed/live,2026-05-02T18:10:00Z,High
2026-05-02,823876,Philadelphia Phillies,Miami Marlins,Miami Marlins,Liam Hicks,5,C,,confirmed,Official MLB Stats API feed/live,https://statsapi.mlb.com/api/v1.1/game/823876/feed/live,2026-05-02T18:10:00Z,High
2026-05-02,823876,Philadelphia Phillies,Miami Marlins,Miami Marlins,Agustín Ramírez,6,DH,,confirmed,Official MLB Stats API feed/live,https://statsapi.mlb.com/api/v1.1/game/823876/feed/live,2026-05-02T18:10:00Z,High
2026-05-02,823876,Philadelphia Phillies,Miami Marlins,Miami Marlins,Connor Norby,7,1B,,confirmed,Official MLB Stats API feed/live,https://statsapi.mlb.com/api/v1.1/game/823876/feed/live,2026-05-02T18:10:00Z,High
2026-05-02,823876,Philadelphia Phillies,Miami Marlins,Miami Marlins,Graham Pauley,8,3B,,confirmed,Official MLB Stats API feed/live,https://statsapi.mlb.com/api/v1.1/game/823876/feed/live,2026-05-02T18:10:00Z,High
2026-05-02,823876,Philadelphia Phillies,Miami Marlins,Miami Marlins,Esteury Ruiz,9,LF,,confirmed,Official MLB Stats API feed/live,https://statsapi.mlb.com/api/v1.1/game/823876/feed/live,2026-05-02T18:10:00Z,High
2026-05-02,822988,San Francisco Giants,Tampa Bay Rays,San Francisco Giants,Jung Hoo Lee,1,RF,,confirmed,Official MLB Stats API feed/live,https://statsapi.mlb.com/api/v1.1/game/822988/feed/live,2026-05-02T18:10:00Z,High
2026-05-02,822988,San Francisco Giants,Tampa Bay Rays,San Francisco Giants,Luis Arraez,2,2B,,confirmed,Official MLB Stats API feed/live,https://statsapi.mlb.com/api/v1.1/game/822988/feed/live,2026-05-02T18:10:00Z,High
2026-05-02,822988,San Francisco Giants,Tampa Bay Rays,San Francisco Giants,Casey Schmitt,3,DH,,confirmed,Official MLB Stats API feed/live,https://statsapi.mlb.com/api/v1.1/game/822988/feed/live,2026-05-02T18:10:00Z,High
2026-05-02,822988,San Francisco Giants,Tampa Bay Rays,San Francisco Giants,Rafael Devers,4,1B,,confirmed,Official MLB Stats API feed/live,https://statsapi.mlb.com/api/v1.1/game/822988/feed/live,2026-05-02T18:10:00Z,High
2026-05-02,822988,San Francisco Giants,Tampa Bay Rays,San Francisco Giants,Matt Chapman,5,3B,,confirmed,Official MLB Stats API feed/live,https://statsapi.mlb.com/api/v1.1/game/822988/feed/live,2026-05-02T18:10:00Z,High
2026-05-02,822988,San Francisco Giants,Tampa Bay Rays,San Francisco Giants,Willy Adames,6,SS,,confirmed,Official MLB Stats API feed/live,https://statsapi.mlb.com/api/v1.1/game/822988/feed/live,2026-05-02T18:10:00Z,High
2026-05-02,822988,San Francisco Giants,Tampa Bay Rays,San Francisco Giants,Heliot Ramos,7,LF,,confirmed,Official MLB Stats API feed/live,https://statsapi.mlb.com/api/v1.1/game/822988/feed/live,2026-05-02T18:10:00Z,High
2026-05-02,822988,San Francisco Giants,Tampa Bay Rays,San Francisco Giants,Drew Gilbert,8,CF,,confirmed,Official MLB Stats API feed/live,https://statsapi.mlb.com/api/v1.1/game/822988/feed/live,2026-05-02T18:10:00Z,High
2026-05-02,822988,San Francisco Giants,Tampa Bay Rays,San Francisco Giants,Patrick Bailey,9,C,,confirmed,Official MLB Stats API feed/live,https://statsapi.mlb.com/api/v1.1/game/822988/feed/live,2026-05-02T18:10:00Z,High
2026-05-02,822988,San Francisco Giants,Tampa Bay Rays,Tampa Bay Rays,Chandler Simpson,1,LF,,confirmed,Official MLB Stats API feed/live,https://statsapi.mlb.com/api/v1.1/game/822988/feed/live,2026-05-02T18:10:00Z,High
2026-05-02,822988,San Francisco Giants,Tampa Bay Rays,Tampa Bay Rays,Cedric Mullins,2,CF,,confirmed,Official MLB Stats API feed/live,https://statsapi.mlb.com/api/v1.1/game/822988/feed/live,2026-05-02T18:10:00Z,High
2026-05-02,822988,San Francisco Giants,Tampa Bay Rays,Tampa Bay Rays,Junior Caminero,3,3B,,confirmed,Official MLB Stats API feed/live,https://statsapi.mlb.com/api/v1.1/game/822988/feed/live,2026-05-02T18:10:00Z,High
2026-05-02,822988,San Francisco Giants,Tampa Bay Rays,Tampa Bay Rays,Jonathan Aranda,4,1B,,confirmed,Official MLB Stats API feed/live,https://statsapi.mlb.com/api/v1.1/game/822988/feed/live,2026-05-02T18:10:00Z,High
2026-05-02,822988,San Francisco Giants,Tampa Bay Rays,Tampa Bay Rays,Jake Fraley,5,DH,,confirmed,Official MLB Stats API feed/live,https://statsapi.mlb.com/api/v1.1/game/822988/feed/live,2026-05-02T18:10:00Z,High
2026-05-02,822988,San Francisco Giants,Tampa Bay Rays,Tampa Bay Rays,Richie Palacios,6,2B,,confirmed,Official MLB Stats API feed/live,https://statsapi.mlb.com/api/v1.1/game/822988/feed/live,2026-05-02T18:10:00Z,High
2026-05-02,822988,San Francisco Giants,Tampa Bay Rays,Tampa Bay Rays,Jonny DeLuca,7,RF,,confirmed,Official MLB Stats API feed/live,https://statsapi.mlb.com/api/v1.1/game/822988/feed/live,2026-05-02T18:10:00Z,High
2026-05-02,822988,San Francisco Giants,Tampa Bay Rays,Tampa Bay Rays,Hunter Feduccia,8,C,,confirmed,Official MLB Stats API feed/live,https://statsapi.mlb.com/api/v1.1/game/822988/feed/live,2026-05-02T18:10:00Z,High
2026-05-02,822988,San Francisco Giants,Tampa Bay Rays,Tampa Bay Rays,Taylor Walls,9,SS,,confirmed,Official MLB Stats API feed/live,https://statsapi.mlb.com/api/v1.1/game/822988/feed/live,2026-05-02T18:10:00Z,High
2026-05-02,823067,Los Angeles Dodgers,St. Louis Cardinals,Los Angeles Dodgers,Shohei Ohtani,1,DH,,confirmed,Official MLB Stats API feed/live,https://statsapi.mlb.com/api/v1.1/game/823067/feed/live,2026-05-02T18:10:00Z,High
2026-05-02,823067,Los Angeles Dodgers,St. Louis Cardinals,Los Angeles Dodgers,Freddie Freeman,2,1B,,confirmed,Official MLB Stats API feed/live,https://statsapi.mlb.com/api/v1.1/game/823067/feed/live,2026-05-02T18:10:00Z,High
2026-05-02,823067,Los Angeles Dodgers,St. Louis Cardinals,Los Angeles Dodgers,Will Smith,3,C,,confirmed,Official MLB Stats API feed/live,https://statsapi.mlb.com/api/v1.1/game/823067/feed/live,2026-05-02T18:10:00Z,High
2026-05-02,823067,Los Angeles Dodgers,St. Louis Cardinals,Los Angeles Dodgers,Kyle Tucker,4,RF,,confirmed,Official MLB Stats API feed/live,https://statsapi.mlb.com/api/v1.1/game/823067/feed/live,2026-05-02T18:10:00Z,High
2026-05-02,823067,Los Angeles Dodgers,St. Louis Cardinals,Los Angeles Dodgers,Teoscar Hernández,5,LF,,confirmed,Official MLB Stats API feed/live,https://statsapi.mlb.com/api/v1.1/game/823067/feed/live,2026-05-02T18:10:00Z,High
2026-05-02,823067,Los Angeles Dodgers,St. Louis Cardinals,Los Angeles Dodgers,Max Muncy,6,3B,,confirmed,Official MLB Stats API feed/live,https://statsapi.mlb.com/api/v1.1/game/823067/feed/live,2026-05-02T18:10:00Z,High
2026-05-02,823067,Los Angeles Dodgers,St. Louis Cardinals,Los Angeles Dodgers,Andy Pages,7,CF,,confirmed,Official MLB Stats API feed/live,https://statsapi.mlb.com/api/v1.1/game/823067/feed/live,2026-05-02T18:10:00Z,High
2026-05-02,823067,Los Angeles Dodgers,St. Louis Cardinals,Los Angeles Dodgers,Hyeseong Kim,8,SS,,confirmed,Official MLB Stats API feed/live,https://statsapi.mlb.com/api/v1.1/game/823067/feed/live,2026-05-02T18:10:00Z,High
2026-05-02,823067,Los Angeles Dodgers,St. Louis Cardinals,Los Angeles Dodgers,Alex Freeland,9,2B,,confirmed,Official MLB Stats API feed/live,https://statsapi.mlb.com/api/v1.1/game/823067/feed/live,2026-05-02T18:10:00Z,High
2026-05-02,823067,Los Angeles Dodgers,St. Louis Cardinals,St. Louis Cardinals,JJ Wetherholt,1,2B,,confirmed,Official MLB Stats API feed/live,https://statsapi.mlb.com/api/v1.1/game/823067/feed/live,2026-05-02T18:10:00Z,High
2026-05-02,823067,Los Angeles Dodgers,St. Louis Cardinals,St. Louis Cardinals,Iván Herrera,2,C,,confirmed,Official MLB Stats API feed/live,https://statsapi.mlb.com/api/v1.1/game/823067/feed/live,2026-05-02T18:10:00Z,High
2026-05-02,823067,Los Angeles Dodgers,St. Louis Cardinals,St. Louis Cardinals,Alec Burleson,3,1B,,confirmed,Official MLB Stats API feed/live,https://statsapi.mlb.com/api/v1.1/game/823067/feed/live,2026-05-02T18:10:00Z,High
2026-05-02,823067,Los Angeles Dodgers,St. Louis Cardinals,St. Louis Cardinals,Jordan Walker,4,RF,,confirmed,Official MLB Stats API feed/live,https://statsapi.mlb.com/api/v1.1/game/823067/feed/live,2026-05-02T18:10:00Z,High
2026-05-02,823067,Los Angeles Dodgers,St. Louis Cardinals,St. Louis Cardinals,Nolan Gorman,5,DH,,confirmed,Official MLB Stats API feed/live,https://statsapi.mlb.com/api/v1.1/game/823067/feed/live,2026-05-02T18:10:00Z,High
2026-05-02,823067,Los Angeles Dodgers,St. Louis Cardinals,St. Louis Cardinals,Masyn Winn,6,SS,,confirmed,Official MLB Stats API feed/live,https://statsapi.mlb.com/api/v1.1/game/823067/feed/live,2026-05-02T18:10:00Z,High
2026-05-02,823067,Los Angeles Dodgers,St. Louis Cardinals,St. Louis Cardinals,Nathan Church,7,LF,,confirmed,Official MLB Stats API feed/live,https://statsapi.mlb.com/api/v1.1/game/823067/feed/live,2026-05-02T18:10:00Z,High
2026-05-02,823067,Los Angeles Dodgers,St. Louis Cardinals,St. Louis Cardinals,Ramón Urías,8,3B,,confirmed,Official MLB Stats API feed/live,https://statsapi.mlb.com/api/v1.1/game/823067/feed/live,2026-05-02T18:10:00Z,High
2026-05-02,823067,Los Angeles Dodgers,St. Louis Cardinals,St. Louis Cardinals,Victor Scott II,9,CF,,confirmed,Official MLB Stats API feed/live,https://statsapi.mlb.com/api/v1.1/game/823067/feed/live,2026-05-02T18:10:00Z,High
2026-05-02,824284,Texas Rangers,Detroit Tigers,Texas Rangers,Evan Carter,1,CF,,confirmed,Official MLB Stats API feed/live,https://statsapi.mlb.com/api/v1.1/game/824284/feed/live,2026-05-02T18:10:00Z,High
2026-05-02,824284,Texas Rangers,Detroit Tigers,Texas Rangers,Corey Seager,2,SS,,confirmed,Official MLB Stats API feed/live,https://statsapi.mlb.com/api/v1.1/game/824284/feed/live,2026-05-02T18:10:00Z,High
2026-05-02,824284,Texas Rangers,Detroit Tigers,Texas Rangers,Josh Jung,3,3B,,confirmed,Official MLB Stats API feed/live,https://statsapi.mlb.com/api/v1.1/game/824284/feed/live,2026-05-02T18:10:00Z,High
2026-05-02,824284,Texas Rangers,Detroit Tigers,Texas Rangers,Joc Pederson,4,DH,,confirmed,Official MLB Stats API feed/live,https://statsapi.mlb.com/api/v1.1/game/824284/feed/live,2026-05-02T18:10:00Z,High
2026-05-02,824284,Texas Rangers,Detroit Tigers,Texas Rangers,Jake Burger,5,1B,,confirmed,Official MLB Stats API feed/live,https://statsapi.mlb.com/api/v1.1/game/824284/feed/live,2026-05-02T18:10:00Z,High
2026-05-02,824284,Texas Rangers,Detroit Tigers,Texas Rangers,Alejandro Osuna,6,LF,,confirmed,Official MLB Stats API feed/live,https://statsapi.mlb.com/api/v1.1/game/824284/feed/live,2026-05-02T18:10:00Z,High
2026-05-02,824284,Texas Rangers,Detroit Tigers,Texas Rangers,Ezequiel Duran,7,RF,,confirmed,Official MLB Stats API feed/live,https://statsapi.mlb.com/api/v1.1/game/824284/feed/live,2026-05-02T18:10:00Z,High
2026-05-02,824284,Texas Rangers,Detroit Tigers,Texas Rangers,Josh Smith,8,2B,,confirmed,Official MLB Stats API feed/live,https://statsapi.mlb.com/api/v1.1/game/824284/feed/live,2026-05-02T18:10:00Z,High
2026-05-02,824284,Texas Rangers,Detroit Tigers,Texas Rangers,Danny Jansen,9,C,,confirmed,Official MLB Stats API feed/live,https://statsapi.mlb.com/api/v1.1/game/824284/feed/live,2026-05-02T18:10:00Z,High
2026-05-02,824284,Texas Rangers,Detroit Tigers,Detroit Tigers,Kevin McGonigle,1,SS,,confirmed,Official MLB Stats API feed/live,https://statsapi.mlb.com/api/v1.1/game/824284/feed/live,2026-05-02T18:10:00Z,High
2026-05-02,824284,Texas Rangers,Detroit Tigers,Detroit Tigers,Gleyber Torres,2,2B,,confirmed,Official MLB Stats API feed/live,https://statsapi.mlb.com/api/v1.1/game/824284/feed/live,2026-05-02T18:10:00Z,High
2026-05-02,824284,Texas Rangers,Detroit Tigers,Detroit Tigers,Colt Keith,3,3B,,confirmed,Official MLB Stats API feed/live,https://statsapi.mlb.com/api/v1.1/game/824284/feed/live,2026-05-02T18:10:00Z,High
2026-05-02,824284,Texas Rangers,Detroit Tigers,Detroit Tigers,Riley Greene,4,LF,,confirmed,Official MLB Stats API feed/live,https://statsapi.mlb.com/api/v1.1/game/824284/feed/live,2026-05-02T18:10:00Z,High
2026-05-02,824284,Texas Rangers,Detroit Tigers,Detroit Tigers,Dillon Dingler,5,C,,confirmed,Official MLB Stats API feed/live,https://statsapi.mlb.com/api/v1.1/game/824284/feed/live,2026-05-02T18:10:00Z,High
2026-05-02,824284,Texas Rangers,Detroit Tigers,Detroit Tigers,Kerry Carpenter,6,RF,,confirmed,Official MLB Stats API feed/live,https://statsapi.mlb.com/api/v1.1/game/824284/feed/live,2026-05-02T18:10:00Z,High
2026-05-02,824284,Texas Rangers,Detroit Tigers,Detroit Tigers,Spencer Torkelson,7,1B,,confirmed,Official MLB Stats API feed/live,https://statsapi.mlb.com/api/v1.1/game/824284/feed/live,2026-05-02T18:10:00Z,High
2026-05-02,824284,Texas Rangers,Detroit Tigers,Detroit Tigers,Wenceel Pérez,8,CF,,confirmed,Official MLB Stats API feed/live,https://statsapi.mlb.com/api/v1.1/game/824284/feed/live,2026-05-02T18:10:00Z,High
2026-05-02,824284,Texas Rangers,Detroit Tigers,Detroit Tigers,Jace Jung,9,DH,,confirmed,Official MLB Stats API feed/live,https://statsapi.mlb.com/api/v1.1/game/824284/feed/live,2026-05-02T18:10:00Z,High
2026-05-02,824365,Atlanta Braves,Colorado Rockies,Atlanta Braves,Ronald Acuña Jr.,1,RF,,confirmed,Official MLB Stats API feed/live,https://statsapi.mlb.com/api/v1.1/game/824365/feed/live,2026-05-02T18:10:00Z,High
2026-05-02,824365,Atlanta Braves,Colorado Rockies,Atlanta Braves,Drake Baldwin,2,C,,confirmed,Official MLB Stats API feed/live,https://statsapi.mlb.com/api/v1.1/game/824365/feed/live,2026-05-02T18:10:00Z,High
2026-05-02,824365,Atlanta Braves,Colorado Rockies,Atlanta Braves,Ozzie Albies,3,2B,,confirmed,Official MLB Stats API feed/live,https://statsapi.mlb.com/api/v1.1/game/824365/feed/live,2026-05-02T18:10:00Z,High
2026-05-02,824365,Atlanta Braves,Colorado Rockies,Atlanta Braves,Matt Olson,4,1B,,confirmed,Official MLB Stats API feed/live,https://statsapi.mlb.com/api/v1.1/game/824365/feed/live,2026-05-02T18:10:00Z,High
2026-05-02,824365,Atlanta Braves,Colorado Rockies,Atlanta Braves,Michael Harris II,5,DH,,confirmed,Official MLB Stats API feed/live,https://statsapi.mlb.com/api/v1.1/game/824365/feed/live,2026-05-02T18:10:00Z,High
2026-05-02,824365,Atlanta Braves,Colorado Rockies,Atlanta Braves,Mauricio Dubón,6,CF,,confirmed,Official MLB Stats API feed/live,https://statsapi.mlb.com/api/v1.1/game/824365/feed/live,2026-05-02T18:10:00Z,High
2026-05-02,824365,Atlanta Braves,Colorado Rockies,Atlanta Braves,Austin Riley,7,3B,,confirmed,Official MLB Stats API feed/live,https://statsapi.mlb.com/api/v1.1/game/824365/feed/live,2026-05-02T18:10:00Z,High
2026-05-02,824365,Atlanta Braves,Colorado Rockies,Atlanta Braves,Mike Yastrzemski,8,LF,,confirmed,Official MLB Stats API feed/live,https://statsapi.mlb.com/api/v1.1/game/824365/feed/live,2026-05-02T18:10:00Z,High
2026-05-02,824365,Atlanta Braves,Colorado Rockies,Atlanta Braves,Jorge Mateo,9,SS,,confirmed,Official MLB Stats API feed/live,https://statsapi.mlb.com/api/v1.1/game/824365/feed/live,2026-05-02T18:10:00Z,High
2026-05-02,824365,Atlanta Braves,Colorado Rockies,Colorado Rockies,Jordan Beck,1,LF,,confirmed,Official MLB Stats API feed/live,https://statsapi.mlb.com/api/v1.1/game/824365/feed/live,2026-05-02T18:10:00Z,High
2026-05-02,824365,Atlanta Braves,Colorado Rockies,Colorado Rockies,Brenton Doyle,2,CF,,confirmed,Official MLB Stats API feed/live,https://statsapi.mlb.com/api/v1.1/game/824365/feed/live,2026-05-02T18:10:00Z,High
2026-05-02,824365,Atlanta Braves,Colorado Rockies,Colorado Rockies,TJ Rumfield,3,1B,,confirmed,Official MLB Stats API feed/live,https://statsapi.mlb.com/api/v1.1/game/824365/feed/live,2026-05-02T18:10:00Z,High
2026-05-02,824365,Atlanta Braves,Colorado Rockies,Colorado Rockies,Hunter Goodman,4,C,,confirmed,Official MLB Stats API feed/live,https://statsapi.mlb.com/api/v1.1/game/824365/feed/live,2026-05-02T18:10:00Z,High
2026-05-02,824365,Atlanta Braves,Colorado Rockies,Colorado Rockies,Willi Castro,5,2B,,confirmed,Official MLB Stats API feed/live,https://statsapi.mlb.com/api/v1.1/game/824365/feed/live,2026-05-02T18:10:00Z,High
2026-05-02,824365,Atlanta Braves,Colorado Rockies,Colorado Rockies,Brett Sullivan,6,DH,,confirmed,Official MLB Stats API feed/live,https://statsapi.mlb.com/api/v1.1/game/824365/feed/live,2026-05-02T18:10:00Z,High
2026-05-02,824365,Atlanta Braves,Colorado Rockies,Colorado Rockies,Kyle Karros,7,3B,,confirmed,Official MLB Stats API feed/live,https://statsapi.mlb.com/api/v1.1/game/824365/feed/live,2026-05-02T18:10:00Z,High
2026-05-02,824365,Atlanta Braves,Colorado Rockies,Colorado Rockies,Ezequiel Tovar,8,SS,,confirmed,Official MLB Stats API feed/live,https://statsapi.mlb.com/api/v1.1/game/824365/feed/live,2026-05-02T18:10:00Z,High
2026-05-02,824365,Atlanta Braves,Colorado Rockies,Colorado Rockies,Troy Johnston,9,RF,,confirmed,Official MLB Stats API feed/live,https://statsapi.mlb.com/api/v1.1/game/824365/feed/live,2026-05-02T18:10:00Z,High
2026-05-02,823308,Chicago White Sox,San Diego Padres,Chicago White Sox,Andrew Benintendi,1,DH,,confirmed,Official MLB Stats API feed/live late refresh,https://statsapi.mlb.com/api/v1.1/game/823308/feed/live,2026-05-02T20:49:06Z,High
2026-05-02,823308,Chicago White Sox,San Diego Padres,Chicago White Sox,Munetaka Murakami,2,1B,,confirmed,Official MLB Stats API feed/live late refresh,https://statsapi.mlb.com/api/v1.1/game/823308/feed/live,2026-05-02T20:49:06Z,High
2026-05-02,823308,Chicago White Sox,San Diego Padres,Chicago White Sox,Miguel Vargas,3,3B,,confirmed,Official MLB Stats API feed/live late refresh,https://statsapi.mlb.com/api/v1.1/game/823308/feed/live,2026-05-02T20:49:06Z,High
2026-05-02,823308,Chicago White Sox,San Diego Padres,Chicago White Sox,Colson Montgomery,4,SS,,confirmed,Official MLB Stats API feed/live late refresh,https://statsapi.mlb.com/api/v1.1/game/823308/feed/live,2026-05-02T20:49:06Z,High
2026-05-02,823308,Chicago White Sox,San Diego Padres,Chicago White Sox,Chase Meidroth,5,2B,,confirmed,Official MLB Stats API feed/live late refresh,https://statsapi.mlb.com/api/v1.1/game/823308/feed/live,2026-05-02T20:49:06Z,High
2026-05-02,823308,Chicago White Sox,San Diego Padres,Chicago White Sox,Sam Antonacci,6,LF,,confirmed,Official MLB Stats API feed/live late refresh,https://statsapi.mlb.com/api/v1.1/game/823308/feed/live,2026-05-02T20:49:06Z,High
2026-05-02,823308,Chicago White Sox,San Diego Padres,Chicago White Sox,Edgar Quero,7,C,,confirmed,Official MLB Stats API feed/live late refresh,https://statsapi.mlb.com/api/v1.1/game/823308/feed/live,2026-05-02T20:49:06Z,High
2026-05-02,823308,Chicago White Sox,San Diego Padres,Chicago White Sox,Jarred Kelenic,8,RF,,confirmed,Official MLB Stats API feed/live late refresh,https://statsapi.mlb.com/api/v1.1/game/823308/feed/live,2026-05-02T20:49:06Z,High
2026-05-02,823308,Chicago White Sox,San Diego Padres,Chicago White Sox,Tristan Peters,9,CF,,confirmed,Official MLB Stats API feed/live late refresh,https://statsapi.mlb.com/api/v1.1/game/823308/feed/live,2026-05-02T20:49:06Z,High
2026-05-02,823308,Chicago White Sox,San Diego Padres,San Diego Padres,Ramón Laureano,1,LF,,confirmed,Official MLB Stats API feed/live late refresh,https://statsapi.mlb.com/api/v1.1/game/823308/feed/live,2026-05-02T20:49:06Z,High
2026-05-02,823308,Chicago White Sox,San Diego Padres,San Diego Padres,Fernando Tatis Jr.,2,RF,,confirmed,Official MLB Stats API feed/live late refresh,https://statsapi.mlb.com/api/v1.1/game/823308/feed/live,2026-05-02T20:49:06Z,High
2026-05-02,823308,Chicago White Sox,San Diego Padres,San Diego Padres,Jackson Merrill,3,CF,,confirmed,Official MLB Stats API feed/live late refresh,https://statsapi.mlb.com/api/v1.1/game/823308/feed/live,2026-05-02T20:49:06Z,High
2026-05-02,823308,Chicago White Sox,San Diego Padres,San Diego Padres,Manny Machado,4,3B,,confirmed,Official MLB Stats API feed/live late refresh,https://statsapi.mlb.com/api/v1.1/game/823308/feed/live,2026-05-02T20:49:06Z,High
2026-05-02,823308,Chicago White Sox,San Diego Padres,San Diego Padres,Xander Bogaerts,5,SS,,confirmed,Official MLB Stats API feed/live late refresh,https://statsapi.mlb.com/api/v1.1/game/823308/feed/live,2026-05-02T20:49:06Z,High
2026-05-02,823308,Chicago White Sox,San Diego Padres,San Diego Padres,Gavin Sheets,6,1B,,confirmed,Official MLB Stats API feed/live late refresh,https://statsapi.mlb.com/api/v1.1/game/823308/feed/live,2026-05-02T20:49:06Z,High
2026-05-02,823308,Chicago White Sox,San Diego Padres,San Diego Padres,Miguel Andujar,7,DH,,confirmed,Official MLB Stats API feed/live late refresh,https://statsapi.mlb.com/api/v1.1/game/823308/feed/live,2026-05-02T20:49:06Z,High
2026-05-02,823308,Chicago White Sox,San Diego Padres,San Diego Padres,Luis Campusano,8,C,,confirmed,Official MLB Stats API feed/live late refresh,https://statsapi.mlb.com/api/v1.1/game/823308/feed/live,2026-05-02T20:49:06Z,High
2026-05-02,823308,Chicago White Sox,San Diego Padres,San Diego Padres,Jake Cronenworth,9,2B,,confirmed,Official MLB Stats API feed/live late refresh,https://statsapi.mlb.com/api/v1.1/game/823308/feed/live,2026-05-02T20:49:06Z,High
