rank,player,team,game,prop,line,current_odds,implied_probability,fair_probability,fair_price,edge_pct,confidence,recommendation,short_reasoning,required_recheck,source,last_update
1,Brendan Donovan,unavailable,KC@SEA,2+ total bases,1.5,50,0.6667,,,,5.0,WATCHLIST,"Price captured, but no player Statcast/pitch-type/fair-probability model in this artifact; not a bet.","official lineup/spot, current price, and fair-probability model",rotowire_props_yes_only,2026-05-01
2,Christian Vazquez,unavailable,HOU@BOS,2+ total bases,0.5,-185,0.6491,,,,5.0,WATCHLIST,"Price captured, but no player Statcast/pitch-type/fair-probability model in this artifact; not a bet.","official lineup/spot, current price, and fair-probability model",rotowire_props_two_way,2026-05-01
3,Jasson Dominguez,unavailable,BAL@NYY,2+ total bases,0.5,-175,0.6364,,,,5.0,WATCHLIST,"Price captured, but no player Statcast/pitch-type/fair-probability model in this artifact; not a bet.","official lineup/spot, current price, and fair-probability model",rotowire_props_two_way,2026-05-01
4,Joey Ortiz,unavailable,MIL@WSH,2+ total bases,0.5,-158,0.6124,,,,5.0,WATCHLIST,"Price captured, but no player Statcast/pitch-type/fair-probability model in this artifact; not a bet.","official lineup/spot, current price, and fair-probability model",rotowire_props_two_way,2026-05-01
5,Luisangel Acuna,unavailable,CWS@SD,2+ total bases,0.5,-150,0.6,,,,5.0,WATCHLIST,"Price captured, but no player Statcast/pitch-type/fair-probability model in this artifact; not a bet.","official lineup/spot, current price, and fair-probability model",rotowire_props_two_way,2026-05-01
6,Ozzie Albies,unavailable,ATL@COL,2+ total bases,1.5,-140,0.5833,,,,5.0,WATCHLIST,"Price captured, but no player Statcast/pitch-type/fair-probability model in this artifact; not a bet.","official lineup/spot, current price, and fair-probability model",rotowire_props_two_way,2026-05-01
7,Drake Baldwin,unavailable,ATL@COL,2+ total bases,1.5,-132,0.569,,,,5.0,WATCHLIST,"Price captured, but no player Statcast/pitch-type/fair-probability model in this artifact; not a bet.","official lineup/spot, current price, and fair-probability model",rotowire_props_two_way,2026-05-01
8,Trent Grisham,unavailable,BAL@NYY,2+ total bases,0.5,-130,0.5652,,,,5.0,WATCHLIST,"Price captured, but no player Statcast/pitch-type/fair-probability model in this artifact; not a bet.","official lineup/spot, current price, and fair-probability model",rotowire_props_two_way,2026-05-01
9,Ronald Acuna,unavailable,ATL@COL,2+ total bases,1.5,-130,0.5652,,,,5.0,WATCHLIST,"Price captured, but no player Statcast/pitch-type/fair-probability model in this artifact; not a bet.","official lineup/spot, current price, and fair-probability model",rotowire_props_two_way,2026-05-01
10,Tyrone Taylor,unavailable,NYM@LAA,2+ total bases,0.5,-125,0.5556,,,,5.0,WATCHLIST,"Price captured, but no player Statcast/pitch-type/fair-probability model in this artifact; not a bet.","official lineup/spot, current price, and fair-probability model",rotowire_props_two_way,2026-05-01
11,Yordan Alvarez,unavailable,HOU@BOS,2+ total bases,1.5,-120,0.5455,,,,5.0,WATCHLIST,"Price captured, but no player Statcast/pitch-type/fair-probability model in this artifact; not a bet.","official lineup/spot, current price, and fair-probability model",rotowire_props_two_way,2026-05-01
12,Matt Olson,unavailable,ATL@COL,2+ total bases,1.5,-120,0.5455,,,,5.0,WATCHLIST,"Price captured, but no player Statcast/pitch-type/fair-probability model in this artifact; not a bet.","official lineup/spot, current price, and fair-probability model",rotowire_props_two_way,2026-05-01
13,Austin Riley,unavailable,ATL@COL,2+ total bases,1.5,-120,0.5455,,,,5.0,WATCHLIST,"Price captured, but no player Statcast/pitch-type/fair-probability model in this artifact; not a bet.","official lineup/spot, current price, and fair-probability model",rotowire_props_two_way,2026-05-01
14,Drew Millas,unavailable,MIL@WSH,2+ total bases,0.5,-115,0.5349,,,,5.0,WATCHLIST,"Price captured, but no player Statcast/pitch-type/fair-probability model in this artifact; not a bet.","official lineup/spot, current price, and fair-probability model",rotowire_props_two_way,2026-05-01
15,Shohei Ohtani,unavailable,LAD@STL,2+ total bases,1.5,-114,0.5327,,,,5.0,WATCHLIST,"Price captured, but no player Statcast/pitch-type/fair-probability model in this artifact; not a bet.","official lineup/spot, current price, and fair-probability model",rotowire_props_two_way,2026-05-01
16,Jose Ramirez,unavailable,CLE@ATH,2+ total bases,1.5,-112,0.5283,,,,5.0,WATCHLIST,"Price captured, but no player Statcast/pitch-type/fair-probability model in this artifact; not a bet.","official lineup/spot, current price, and fair-probability model",rotowire_props_two_way,2026-05-01
17,Aaron Judge,unavailable,BAL@NYY,2+ total bases,1.5,-110,0.5238,,,,5.0,WATCHLIST,"Price captured, but no player Statcast/pitch-type/fair-probability model in this artifact; not a bet.","official lineup/spot, current price, and fair-probability model",rotowire_props_two_way,2026-05-01
18,Jerar Encarnacion,unavailable,SF@TB,2+ total bases,0.5,-110,0.5238,,,,5.0,WATCHLIST,"Price captured, but no player Statcast/pitch-type/fair-probability model in this artifact; not a bet.","official lineup/spot, current price, and fair-probability model",rotowire_props_two_way,2026-05-01
19,Mickey Moniak,unavailable,ATL@COL,2+ total bases,1.5,-105,0.5122,,,,5.0,WATCHLIST,"Price captured, but no player Statcast/pitch-type/fair-probability model in this artifact; not a bet.","official lineup/spot, current price, and fair-probability model",rotowire_props_two_way,2026-05-01
20,Bo Bichette,unavailable,NYM@LAA,2+ total bases,1.5,-105,0.5122,,,,5.0,WATCHLIST,"Price captured, but no player Statcast/pitch-type/fair-probability model in this artifact; not a bet.","official lineup/spot, current price, and fair-probability model",rotowire_props_two_way,2026-05-01
21,Shea Langeliers,unavailable,CLE@ATH,2+ total bases,1.5,-103,0.5074,,,,5.0,WATCHLIST,"Price captured, but no player Statcast/pitch-type/fair-probability model in this artifact; not a bet.","official lineup/spot, current price, and fair-probability model",rotowire_props_two_way,2026-05-01
22,Byron Buxton,unavailable,TOR@MIN,2+ total bases,1.5,100,0.5,,,,5.0,WATCHLIST,"Price captured, but no player Statcast/pitch-type/fair-probability model in this artifact; not a bet.","official lineup/spot, current price, and fair-probability model",rotowire_props_two_way,2026-05-01
23,Vladimir Guerrero,unavailable,TOR@MIN,2+ total bases,1.5,100,0.5,,,,5.0,WATCHLIST,"Price captured, but no player Statcast/pitch-type/fair-probability model in this artifact; not a bet.","official lineup/spot, current price, and fair-probability model",rotowire_props_two_way,2026-05-01
24,Hunter Goodman,unavailable,ATL@COL,2+ total bases,1.5,100,0.5,,,,5.0,WATCHLIST,"Price captured, but no player Statcast/pitch-type/fair-probability model in this artifact; not a bet.","official lineup/spot, current price, and fair-probability model",rotowire_props_two_way,2026-05-01
25,Jacob Wilson,unavailable,CLE@ATH,2+ total bases,1.5,100,0.5,,,,5.0,WATCHLIST,"Price captured, but no player Statcast/pitch-type/fair-probability model in this artifact; not a bet.","official lineup/spot, current price, and fair-probability model",rotowire_props_two_way,2026-05-01
26,Yandy Diaz,unavailable,SF@TB,2+ total bases,1.5,102,0.495,,,,5.0,WATCHLIST,"Price captured, but no player Statcast/pitch-type/fair-probability model in this artifact; not a bet.","official lineup/spot, current price, and fair-probability model",rotowire_props_two_way,2026-05-01
27,Mauricio Dubon,unavailable,ATL@COL,2+ total bases,1.5,103,0.4926,,,,5.0,WATCHLIST,"Price captured, but no player Statcast/pitch-type/fair-probability model in this artifact; not a bet.","official lineup/spot, current price, and fair-probability model",rotowire_props_two_way,2026-05-01
28,Jarren Duran,unavailable,HOU@BOS,2+ total bases,1.5,104,0.4902,,,,5.0,WATCHLIST,"Price captured, but no player Statcast/pitch-type/fair-probability model in this artifact; not a bet.","official lineup/spot, current price, and fair-probability model",rotowire_props_two_way,2026-05-01
29,Trea Turner,unavailable,PHI@MIA,2+ total bases,1.5,104,0.4902,,,,5.0,WATCHLIST,"Price captured, but no player Statcast/pitch-type/fair-probability model in this artifact; not a bet.","official lineup/spot, current price, and fair-probability model",rotowire_props_two_way,2026-05-01
30,George Springer,unavailable,TOR@MIN,2+ total bases,1.5,104,0.4902,,,,5.0,WATCHLIST,"Price captured, but no player Statcast/pitch-type/fair-probability model in this artifact; not a bet.","official lineup/spot, current price, and fair-probability model",rotowire_props_two_way,2026-05-01
31,Jake Rogers,unavailable,TEX@DET,2+ total bases,0.5,105,0.4878,,,,5.0,WATCHLIST,"Price captured, but no player Statcast/pitch-type/fair-probability model in this artifact; not a bet.","official lineup/spot, current price, and fair-probability model",rotowire_props_two_way,2026-05-01
32,Juan Soto,unavailable,NYM@LAA,2+ total bases,1.5,105,0.4878,,,,5.0,WATCHLIST,"Price captured, but no player Statcast/pitch-type/fair-probability model in this artifact; not a bet.","official lineup/spot, current price, and fair-probability model",rotowire_props_two_way,2026-05-01
33,Willson Contreras,unavailable,HOU@BOS,2+ total bases,1.5,106,0.4854,,,,5.0,WATCHLIST,"Price captured, but no player Statcast/pitch-type/fair-probability model in this artifact; not a bet.","official lineup/spot, current price, and fair-probability model",rotowire_props_two_way,2026-05-01
34,Wilyer Abreu,unavailable,HOU@BOS,2+ total bases,1.5,107,0.4831,,,,5.0,WATCHLIST,"Price captured, but no player Statcast/pitch-type/fair-probability model in this artifact; not a bet.","official lineup/spot, current price, and fair-probability model",rotowire_props_two_way,2026-05-01
35,William Contreras,unavailable,MIL@WSH,2+ total bases,1.5,108,0.4808,,,,5.0,WATCHLIST,"Price captured, but no player Statcast/pitch-type/fair-probability model in this artifact; not a bet.","official lineup/spot, current price, and fair-probability model",rotowire_props_two_way,2026-05-01
36,Elly De La Cruz,unavailable,CIN@PIT,2+ total bases,1.5,108,0.4808,,,,5.0,WATCHLIST,"Price captured, but no player Statcast/pitch-type/fair-probability model in this artifact; not a bet.","official lineup/spot, current price, and fair-probability model",rotowire_props_two_way,2026-05-01
37,Michael Harris,unavailable,ATL@COL,2+ total bases,1.5,108,0.4808,,,,5.0,WATCHLIST,"Price captured, but no player Statcast/pitch-type/fair-probability model in this artifact; not a bet.","official lineup/spot, current price, and fair-probability model",rotowire_props_two_way,2026-05-01
38,Chase DeLauter,unavailable,CLE@ATH,2+ total bases,1.5,110,0.4762,,,,5.0,WATCHLIST,"Price captured, but no player Statcast/pitch-type/fair-probability model in this artifact; not a bet.","official lineup/spot, current price, and fair-probability model",rotowire_props_two_way,2026-05-01
39,Steven Kwan,unavailable,CLE@ATH,2+ total bases,1.5,110,0.4762,,,,5.0,WATCHLIST,"Price captured, but no player Statcast/pitch-type/fair-probability model in this artifact; not a bet.","official lineup/spot, current price, and fair-probability model",rotowire_props_two_way,2026-05-01
40,Teoscar Hernandez,unavailable,LAD@STL,2+ total bases,1.5,111,0.4739,,,,5.0,WATCHLIST,"Price captured, but no player Statcast/pitch-type/fair-probability model in this artifact; not a bet.","official lineup/spot, current price, and fair-probability model",rotowire_props_two_way,2026-05-01
41,Jonah Heim,unavailable,ATL@COL,2+ total bases,1.5,112,0.4717,,,,5.0,WATCHLIST,"Price captured, but no player Statcast/pitch-type/fair-probability model in this artifact; not a bet.","official lineup/spot, current price, and fair-probability model",rotowire_props_two_way,2026-05-01
42,Mike Trout,unavailable,NYM@LAA,2+ total bases,1.5,112,0.4717,,,,5.0,WATCHLIST,"Price captured, but no player Statcast/pitch-type/fair-probability model in this artifact; not a bet.","official lineup/spot, current price, and fair-probability model",rotowire_props_two_way,2026-05-01
43,Junior Caminero,unavailable,SF@TB,2+ total bases,1.5,117,0.4608,,,,5.0,WATCHLIST,"Price captured, but no player Statcast/pitch-type/fair-probability model in this artifact; not a bet.","official lineup/spot, current price, and fair-probability model",rotowire_props_two_way,2026-05-01
44,Christian Walker,unavailable,HOU@BOS,2+ total bases,1.5,118,0.4587,,,,5.0,WATCHLIST,"Price captured, but no player Statcast/pitch-type/fair-probability model in this artifact; not a bet.","official lineup/spot, current price, and fair-probability model",rotowire_props_two_way,2026-05-01
45,Freddie Freeman,unavailable,LAD@STL,2+ total bases,1.5,118,0.4587,,,,5.0,WATCHLIST,"Price captured, but no player Statcast/pitch-type/fair-probability model in this artifact; not a bet.","official lineup/spot, current price, and fair-probability model",rotowire_props_two_way,2026-05-01
46,Will Smith,unavailable,LAD@STL,2+ total bases,1.5,118,0.4587,,,,5.0,WATCHLIST,"Price captured, but no player Statcast/pitch-type/fair-probability model in this artifact; not a bet.","official lineup/spot, current price, and fair-probability model",rotowire_props_two_way,2026-05-01
47,Josh Jung,unavailable,TEX@DET,2+ total bases,1.5,120,0.4545,,,,5.0,WATCHLIST,"Price captured, but no player Statcast/pitch-type/fair-probability model in this artifact; not a bet.","official lineup/spot, current price, and fair-probability model",rotowire_props_two_way,2026-05-01
48,Brice Turang,unavailable,MIL@WSH,2+ total bases,1.5,120,0.4545,,,,5.0,WATCHLIST,"Price captured, but no player Statcast/pitch-type/fair-probability model in this artifact; not a bet.","official lineup/spot, current price, and fair-probability model",rotowire_props_two_way,2026-05-01
49,Oneil Cruz,unavailable,CIN@PIT,2+ total bases,1.5,120,0.4545,,,,5.0,WATCHLIST,"Price captured, but no player Statcast/pitch-type/fair-probability model in this artifact; not a bet.","official lineup/spot, current price, and fair-probability model",rotowire_props_two_way,2026-05-01
50,Sal Stewart,unavailable,CIN@PIT,2+ total bases,1.5,120,0.4545,,,,5.0,WATCHLIST,"Price captured, but no player Statcast/pitch-type/fair-probability model in this artifact; not a bet.","official lineup/spot, current price, and fair-probability model",rotowire_props_two_way,2026-05-01
51,Jose Altuve,unavailable,HOU@BOS,2+ total bases,1.5,120,0.4545,,,,5.0,WATCHLIST,"Price captured, but no player Statcast/pitch-type/fair-probability model in this artifact; not a bet.","official lineup/spot, current price, and fair-probability model",rotowire_props_two_way,2026-05-01
52,Yainer Diaz,unavailable,HOU@BOS,2+ total bases,1.5,120,0.4545,,,,5.0,WATCHLIST,"Price captured, but no player Statcast/pitch-type/fair-probability model in this artifact; not a bet.","official lineup/spot, current price, and fair-probability model",rotowire_props_two_way,2026-05-01
53,Fernando Tatis,unavailable,CWS@SD,2+ total bases,1.5,120,0.4545,,,,5.0,WATCHLIST,"Price captured, but no player Statcast/pitch-type/fair-probability model in this artifact; not a bet.","official lineup/spot, current price, and fair-probability model",rotowire_props_two_way,2026-05-01
54,Bobby Witt,unavailable,KC@SEA,2+ total bases,1.5,120,0.4545,,,,5.0,WATCHLIST,"Price captured, but no player Statcast/pitch-type/fair-probability model in this artifact; not a bet.","official lineup/spot, current price, and fair-probability model",rotowire_props_two_way,2026-05-01
55,Ben Rice,unavailable,BAL@NYY,2+ total bases,1.5,121,0.4525,,,,5.0,WATCHLIST,"Price captured, but no player Statcast/pitch-type/fair-probability model in this artifact; not a bet.","official lineup/spot, current price, and fair-probability model",rotowire_props_two_way,2026-05-01
56,Jake Bauers,unavailable,MIL@WSH,2+ total bases,1.5,122,0.4505,,,,5.0,WATCHLIST,"Price captured, but no player Statcast/pitch-type/fair-probability model in this artifact; not a bet.","official lineup/spot, current price, and fair-probability model",rotowire_props_two_way,2026-05-01
57,Andy Pages,unavailable,LAD@STL,2+ total bases,1.5,122,0.4505,,,,5.0,WATCHLIST,"Price captured, but no player Statcast/pitch-type/fair-probability model in this artifact; not a bet.","official lineup/spot, current price, and fair-probability model",rotowire_props_two_way,2026-05-01
58,Gunnar Henderson,unavailable,BAL@NYY,2+ total bases,1.5,123,0.4484,,,,5.0,WATCHLIST,"Price captured, but no player Statcast/pitch-type/fair-probability model in this artifact; not a bet.","official lineup/spot, current price, and fair-probability model",rotowire_props_two_way,2026-05-01
59,Munetaka Murakami,unavailable,CWS@SD,2+ total bases,1.5,123,0.4484,,,,5.0,WATCHLIST,"Price captured, but no player Statcast/pitch-type/fair-probability model in this artifact; not a bet.","official lineup/spot, current price, and fair-probability model",rotowire_props_two_way,2026-05-01
60,Ceddanne Rafaela,unavailable,HOU@BOS,2+ total bases,1.5,124,0.4464,,,,5.0,WATCHLIST,"Price captured, but no player Statcast/pitch-type/fair-probability model in this artifact; not a bet.","official lineup/spot, current price, and fair-probability model",rotowire_props_two_way,2026-05-01
61,Luis Arraez,unavailable,SF@TB,2+ total bases,1.5,124,0.4464,,,,5.0,WATCHLIST,"Price captured, but no player Statcast/pitch-type/fair-probability model in this artifact; not a bet.","official lineup/spot, current price, and fair-probability model",rotowire_props_two_way,2026-05-01
62,Luis Rengifo,unavailable,MIL@WSH,2+ total bases,1.5,125,0.4444,,,,5.0,WATCHLIST,"Price captured, but no player Statcast/pitch-type/fair-probability model in this artifact; not a bet.","official lineup/spot, current price, and fair-probability model",rotowire_props_two_way,2026-05-01
63,Ryan O'Hearn,unavailable,CIN@PIT,2+ total bases,1.5,125,0.4444,,,,5.0,WATCHLIST,"Price captured, but no player Statcast/pitch-type/fair-probability model in this artifact; not a bet.","official lineup/spot, current price, and fair-probability model",rotowire_props_two_way,2026-05-01
64,Bryce Harper,unavailable,PHI@MIA,2+ total bases,1.5,125,0.4444,,,,5.0,WATCHLIST,"Price captured, but no player Statcast/pitch-type/fair-probability model in this artifact; not a bet.","official lineup/spot, current price, and fair-probability model",rotowire_props_two_way,2026-05-01
65,Heliot Ramos,unavailable,SF@TB,2+ total bases,1.5,125,0.4444,,,,5.0,WATCHLIST,"Price captured, but no player Statcast/pitch-type/fair-probability model in this artifact; not a bet.","official lineup/spot, current price, and fair-probability model",rotowire_props_two_way,2026-05-01
66,Brandon Lowe,unavailable,CIN@PIT,2+ total bases,1.5,126,0.4425,,,,5.0,WATCHLIST,"Price captured, but no player Statcast/pitch-type/fair-probability model in this artifact; not a bet.","official lineup/spot, current price, and fair-probability model",rotowire_props_two_way,2026-05-01
67,Amed Rosario,unavailable,BAL@NYY,2+ total bases,1.5,126,0.4425,,,,5.0,WATCHLIST,"Price captured, but no player Statcast/pitch-type/fair-probability model in this artifact; not a bet.","official lineup/spot, current price, and fair-probability model",rotowire_props_two_way,2026-05-01
68,TJ Rumfield,unavailable,ATL@COL,2+ total bases,1.5,126,0.4425,,,,5.0,WATCHLIST,"Price captured, but no player Statcast/pitch-type/fair-probability model in this artifact; not a bet.","official lineup/spot, current price, and fair-probability model",rotowire_props_two_way,2026-05-01
69,Corey Seager,unavailable,TEX@DET,2+ total bases,1.5,127,0.4405,,,,5.0,WATCHLIST,"Price captured, but no player Statcast/pitch-type/fair-probability model in this artifact; not a bet.","official lineup/spot, current price, and fair-probability model",rotowire_props_two_way,2026-05-01
70,Kyle Schwarber,unavailable,PHI@MIA,2+ total bases,1.5,127,0.4405,,,,5.0,WATCHLIST,"Price captured, but no player Statcast/pitch-type/fair-probability model in this artifact; not a bet.","official lineup/spot, current price, and fair-probability model",rotowire_props_two_way,2026-05-01
71,Ernie Clement,unavailable,TOR@MIN,2+ total bases,1.5,128,0.4386,,,,5.0,WATCHLIST,"Price captured, but no player Statcast/pitch-type/fair-probability model in this artifact; not a bet.","official lineup/spot, current price, and fair-probability model",rotowire_props_two_way,2026-05-01
72,Jesus Sanchez,unavailable,TOR@MIN,2+ total bases,1.5,128,0.4386,,,,5.0,WATCHLIST,"Price captured, but no player Statcast/pitch-type/fair-probability model in this artifact; not a bet.","official lineup/spot, current price, and fair-probability model",rotowire_props_two_way,2026-05-01
73,Edouard Julien,unavailable,ATL@COL,2+ total bases,1.5,128,0.4386,,,,5.0,WATCHLIST,"Price captured, but no player Statcast/pitch-type/fair-probability model in this artifact; not a bet.","official lineup/spot, current price, and fair-probability model",rotowire_props_two_way,2026-05-01
74,Colson Montgomery,unavailable,CWS@SD,2+ total bases,1.5,129,0.4367,,,,5.0,WATCHLIST,"Price captured, but no player Statcast/pitch-type/fair-probability model in this artifact; not a bet.","official lineup/spot, current price, and fair-probability model",rotowire_props_two_way,2026-05-01
75,Nico Hoerner,unavailable,AZ@CHC,2+ total bases,1.5,129,0.4367,,,,5.0,WATCHLIST,"Price captured, but no player Statcast/pitch-type/fair-probability model in this artifact; not a bet.","official lineup/spot, current price, and fair-probability model",rotowire_props_two_way,2026-05-01
76,Cody Bellinger,unavailable,BAL@NYY,2+ total bases,1.5,130,0.4348,,,,5.0,WATCHLIST,"Price captured, but no player Statcast/pitch-type/fair-probability model in this artifact; not a bet.","official lineup/spot, current price, and fair-probability model",rotowire_props_two_way,2026-05-01
77,Trevor Story,unavailable,HOU@BOS,2+ total bases,1.5,130,0.4348,,,,5.0,WATCHLIST,"Price captured, but no player Statcast/pitch-type/fair-probability model in this artifact; not a bet.","official lineup/spot, current price, and fair-probability model",rotowire_props_two_way,2026-05-01
78,Daulton Varsho,unavailable,TOR@MIN,2+ total bases,1.5,130,0.4348,,,,5.0,WATCHLIST,"Price captured, but no player Statcast/pitch-type/fair-probability model in this artifact; not a bet.","official lineup/spot, current price, and fair-probability model",rotowire_props_two_way,2026-05-01
79,Eli White,unavailable,ATL@COL,2+ total bases,1.5,130,0.4348,,,,5.0,WATCHLIST,"Price captured, but no player Statcast/pitch-type/fair-probability model in this artifact; not a bet.","official lineup/spot, current price, and fair-probability model",rotowire_props_two_way,2026-05-01
80,Zach Neto,unavailable,NYM@LAA,2+ total bases,1.5,130,0.4348,,,,5.0,WATCHLIST,"Price captured, but no player Statcast/pitch-type/fair-probability model in this artifact; not a bet.","official lineup/spot, current price, and fair-probability model",rotowire_props_two_way,2026-05-01
81,Brent Rooker,unavailable,CLE@ATH,2+ total bases,1.5,130,0.4348,,,,5.0,WATCHLIST,"Price captured, but no player Statcast/pitch-type/fair-probability model in this artifact; not a bet.","official lineup/spot, current price, and fair-probability model",rotowire_props_two_way,2026-05-01
82,Ramon Laureano,unavailable,CWS@SD,2+ total bases,1.5,130,0.4348,,,,5.0,WATCHLIST,"Price captured, but no player Statcast/pitch-type/fair-probability model in this artifact; not a bet.","official lineup/spot, current price, and fair-probability model",rotowire_props_two_way,2026-05-01
83,Isaac Paredes,unavailable,HOU@BOS,2+ total bases,1.5,131,0.4329,,,,5.0,WATCHLIST,"Price captured, but no player Statcast/pitch-type/fair-probability model in this artifact; not a bet.","official lineup/spot, current price, and fair-probability model",rotowire_props_two_way,2026-05-01
84,Angel Martinez,unavailable,CLE@ATH,2+ total bases,1.5,131,0.4329,,,,5.0,WATCHLIST,"Price captured, but no player Statcast/pitch-type/fair-probability model in this artifact; not a bet.","official lineup/spot, current price, and fair-probability model",rotowire_props_two_way,2026-05-01
85,Manny Machado,unavailable,CWS@SD,2+ total bases,1.5,131,0.4329,,,,5.0,WATCHLIST,"Price captured, but no player Statcast/pitch-type/fair-probability model in this artifact; not a bet.","official lineup/spot, current price, and fair-probability model",rotowire_props_two_way,2026-05-01
86,Brandon Nimmo,unavailable,TEX@DET,2+ total bases,1.5,132,0.431,,,,5.0,WATCHLIST,"Price captured, but no player Statcast/pitch-type/fair-probability model in this artifact; not a bet.","official lineup/spot, current price, and fair-probability model",rotowire_props_two_way,2026-05-01
87,Ryan Jeffers,unavailable,TOR@MIN,2+ total bases,1.5,132,0.431,,,,5.0,WATCHLIST,"Price captured, but no player Statcast/pitch-type/fair-probability model in this artifact; not a bet.","official lineup/spot, current price, and fair-probability model",rotowire_props_two_way,2026-05-01
88,Troy Johnston,unavailable,ATL@COL,2+ total bases,1.5,132,0.431,,,,5.0,WATCHLIST,"Price captured, but no player Statcast/pitch-type/fair-probability model in this artifact; not a bet.","official lineup/spot, current price, and fair-probability model",rotowire_props_two_way,2026-05-01
89,Andrew Benintendi,unavailable,CWS@SD,2+ total bases,1.5,132,0.431,,,,5.0,WATCHLIST,"Price captured, but no player Statcast/pitch-type/fair-probability model in this artifact; not a bet.","official lineup/spot, current price, and fair-probability model",rotowire_props_two_way,2026-05-01
90,Kyle Stowers,unavailable,PHI@MIA,2+ total bases,1.5,133,0.4292,,,,5.0,WATCHLIST,"Price captured, but no player Statcast/pitch-type/fair-probability model in this artifact; not a bet.","official lineup/spot, current price, and fair-probability model",rotowire_props_two_way,2026-05-01
91,Kyle Manzardo,unavailable,CLE@ATH,2+ total bases,1.5,133,0.4292,,,,5.0,WATCHLIST,"Price captured, but no player Statcast/pitch-type/fair-probability model in this artifact; not a bet.","official lineup/spot, current price, and fair-probability model",rotowire_props_two_way,2026-05-01
92,Otto Lopez,unavailable,PHI@MIA,2+ total bases,1.5,134,0.4274,,,,5.0,WATCHLIST,"Price captured, but no player Statcast/pitch-type/fair-probability model in this artifact; not a bet.","official lineup/spot, current price, and fair-probability model",rotowire_props_two_way,2026-05-01
93,Jo Adell,unavailable,NYM@LAA,2+ total bases,1.5,134,0.4274,,,,5.0,WATCHLIST,"Price captured, but no player Statcast/pitch-type/fair-probability model in this artifact; not a bet.","official lineup/spot, current price, and fair-probability model",rotowire_props_two_way,2026-05-01
94,Garrett Mitchell,unavailable,MIL@WSH,2+ total bases,1.5,135,0.4255,,,,5.0,WATCHLIST,"Price captured, but no player Statcast/pitch-type/fair-probability model in this artifact; not a bet.","official lineup/spot, current price, and fair-probability model",rotowire_props_two_way,2026-05-01
95,Bryan Reynolds,unavailable,CIN@PIT,2+ total bases,1.5,135,0.4255,,,,5.0,WATCHLIST,"Price captured, but no player Statcast/pitch-type/fair-probability model in this artifact; not a bet.","official lineup/spot, current price, and fair-probability model",rotowire_props_two_way,2026-05-01
96,Adolis Garcia,unavailable,PHI@MIA,2+ total bases,1.5,135,0.4255,,,,5.0,WATCHLIST,"Price captured, but no player Statcast/pitch-type/fair-probability model in this artifact; not a bet.","official lineup/spot, current price, and fair-probability model",rotowire_props_two_way,2026-05-01
97,Tyler Soderstrom,unavailable,CLE@ATH,2+ total bases,1.5,135,0.4255,,,,5.0,WATCHLIST,"Price captured, but no player Statcast/pitch-type/fair-probability model in this artifact; not a bet.","official lineup/spot, current price, and fair-probability model",rotowire_props_two_way,2026-05-01
98,Jackson Merrill,unavailable,CWS@SD,2+ total bases,1.5,135,0.4255,,,,5.0,WATCHLIST,"Price captured, but no player Statcast/pitch-type/fair-probability model in this artifact; not a bet.","official lineup/spot, current price, and fair-probability model",rotowire_props_two_way,2026-05-01
99,Casey Schmitt,unavailable,SF@TB,2+ total bases,1.5,136,0.4237,,,,5.0,WATCHLIST,"Price captured, but no player Statcast/pitch-type/fair-probability model in this artifact; not a bet.","official lineup/spot, current price, and fair-probability model",rotowire_props_two_way,2026-05-01
100,Pete Alonso,unavailable,BAL@NYY,2+ total bases,1.5,137,0.4219,,,,5.0,WATCHLIST,"Price captured, but no player Statcast/pitch-type/fair-probability model in this artifact; not a bet.","official lineup/spot, current price, and fair-probability model",rotowire_props_two_way,2026-05-01
101,Roman Anthony,unavailable,HOU@BOS,2+ total bases,1.5,138,0.4202,,,,5.0,WATCHLIST,"Price captured, but no player Statcast/pitch-type/fair-probability model in this artifact; not a bet.","official lineup/spot, current price, and fair-probability model",rotowire_props_two_way,2026-05-01
102,Francisco Alvarez,unavailable,NYM@LAA,2+ total bases,1.5,138,0.4202,,,,5.0,WATCHLIST,"Price captured, but no player Statcast/pitch-type/fair-probability model in this artifact; not a bet.","official lineup/spot, current price, and fair-probability model",rotowire_props_two_way,2026-05-01
103,Paul Goldschmidt,unavailable,BAL@NYY,2+ total bases,1.5,139,0.4184,,,,5.0,WATCHLIST,"Price captured, but no player Statcast/pitch-type/fair-probability model in this artifact; not a bet.","official lineup/spot, current price, and fair-probability model",rotowire_props_two_way,2026-05-01
104,Nick Gonzales,unavailable,CIN@PIT,2+ total bases,1.5,140,0.4167,,,,5.0,WATCHLIST,"Price captured, but no player Statcast/pitch-type/fair-probability model in this artifact; not a bet.","official lineup/spot, current price, and fair-probability model",rotowire_props_two_way,2026-05-01
105,Nathaniel Lowe,unavailable,CIN@PIT,2+ total bases,1.5,140,0.4167,,,,5.0,WATCHLIST,"Price captured, but no player Statcast/pitch-type/fair-probability model in this artifact; not a bet.","official lineup/spot, current price, and fair-probability model",rotowire_props_two_way,2026-05-01
106,Adley Rutschman,unavailable,BAL@NYY,2+ total bases,1.5,140,0.4167,,,,5.0,WATCHLIST,"Price captured, but no player Statcast/pitch-type/fair-probability model in this artifact; not a bet.","official lineup/spot, current price, and fair-probability model",rotowire_props_two_way,2026-05-01
107,Josh Bell,unavailable,TOR@MIN,2+ total bases,1.5,140,0.4167,,,,5.0,WATCHLIST,"Price captured, but no player Statcast/pitch-type/fair-probability model in this artifact; not a bet.","official lineup/spot, current price, and fair-probability model",rotowire_props_two_way,2026-05-01
108,Alec Burleson,unavailable,LAD@STL,2+ total bases,1.5,140,0.4167,,,,5.0,WATCHLIST,"Price captured, but no player Statcast/pitch-type/fair-probability model in this artifact; not a bet.","official lineup/spot, current price, and fair-probability model",rotowire_props_two_way,2026-05-01
109,Kyle Tucker,unavailable,LAD@STL,2+ total bases,1.5,140,0.4167,,,,5.0,WATCHLIST,"Price captured, but no player Statcast/pitch-type/fair-probability model in this artifact; not a bet.","official lineup/spot, current price, and fair-probability model",rotowire_props_two_way,2026-05-01
110,Willi Castro,unavailable,ATL@COL,2+ total bases,1.5,140,0.4167,,,,5.0,WATCHLIST,"Price captured, but no player Statcast/pitch-type/fair-probability model in this artifact; not a bet.","official lineup/spot, current price, and fair-probability model",rotowire_props_two_way,2026-05-01
111,Yoan Moncada,unavailable,NYM@LAA,2+ total bases,1.5,140,0.4167,,,,5.0,WATCHLIST,"Price captured, but no player Statcast/pitch-type/fair-probability model in this artifact; not a bet.","official lineup/spot, current price, and fair-probability model",rotowire_props_two_way,2026-05-01
112,Marcus Semien,unavailable,NYM@LAA,2+ total bases,1.5,140,0.4167,,,,5.0,WATCHLIST,"Price captured, but no player Statcast/pitch-type/fair-probability model in this artifact; not a bet.","official lineup/spot, current price, and fair-probability model",rotowire_props_two_way,2026-05-01
113,Julio Rodriguez,unavailable,KC@SEA,2+ total bases,1.5,140,0.4167,,,,5.0,WATCHLIST,"Price captured, but no player Statcast/pitch-type/fair-probability model in this artifact; not a bet.","official lineup/spot, current price, and fair-probability model",rotowire_props_two_way,2026-05-01
114,Austin Martin,unavailable,TOR@MIN,2+ total bases,1.5,141,0.4149,,,,5.0,WATCHLIST,"Price captured, but no player Statcast/pitch-type/fair-probability model in this artifact; not a bet.","official lineup/spot, current price, and fair-probability model",rotowire_props_two_way,2026-05-01
115,Miguel Vargas,unavailable,CWS@SD,2+ total bases,1.5,141,0.4149,,,,5.0,WATCHLIST,"Price captured, but no player Statcast/pitch-type/fair-probability model in this artifact; not a bet.","official lineup/spot, current price, and fair-probability model",rotowire_props_two_way,2026-05-01
116,Marcelo Mayer,unavailable,HOU@BOS,2+ total bases,1.5,142,0.4132,,,,5.0,WATCHLIST,"Price captured, but no player Statcast/pitch-type/fair-probability model in this artifact; not a bet.","official lineup/spot, current price, and fair-probability model",rotowire_props_two_way,2026-05-01
117,Kazuma Okamoto,unavailable,TOR@MIN,2+ total bases,1.5,142,0.4132,,,,5.0,WATCHLIST,"Price captured, but no player Statcast/pitch-type/fair-probability model in this artifact; not a bet.","official lineup/spot, current price, and fair-probability model",rotowire_props_two_way,2026-05-01
118,Ivan Herrera,unavailable,LAD@STL,2+ total bases,1.5,142,0.4132,,,,5.0,WATCHLIST,"Price captured, but no player Statcast/pitch-type/fair-probability model in this artifact; not a bet.","official lineup/spot, current price, and fair-probability model",rotowire_props_two_way,2026-05-01
119,MJ Melendez,unavailable,NYM@LAA,2+ total bases,1.5,142,0.4132,,,,5.0,WATCHLIST,"Price captured, but no player Statcast/pitch-type/fair-probability model in this artifact; not a bet.","official lineup/spot, current price, and fair-probability model",rotowire_props_two_way,2026-05-01
120,Mark Vientos,unavailable,NYM@LAA,2+ total bases,1.5,142,0.4132,,,,5.0,WATCHLIST,"Price captured, but no player Statcast/pitch-type/fair-probability model in this artifact; not a bet.","official lineup/spot, current price, and fair-probability model",rotowire_props_two_way,2026-05-01
121,Ezequiel Tovar,unavailable,ATL@COL,2+ total bases,1.5,144,0.4098,,,,5.0,WATCHLIST,"Price captured, but no player Statcast/pitch-type/fair-probability model in this artifact; not a bet.","official lineup/spot, current price, and fair-probability model",rotowire_props_two_way,2026-05-01
122,Dillon Dingler,unavailable,TEX@DET,2+ total bases,1.5,145,0.4082,,,,5.0,WATCHLIST,"Price captured, but no player Statcast/pitch-type/fair-probability model in this artifact; not a bet.","official lineup/spot, current price, and fair-probability model",rotowire_props_two_way,2026-05-01
123,TJ Friedl,unavailable,CIN@PIT,2+ total bases,1.5,145,0.4082,,,,5.0,WATCHLIST,"Price captured, but no player Statcast/pitch-type/fair-probability model in this artifact; not a bet.","official lineup/spot, current price, and fair-probability model",rotowire_props_two_way,2026-05-01
124,Nick Castellanos,unavailable,CWS@SD,2+ total bases,1.5,145,0.4082,,,,5.0,WATCHLIST,"Price captured, but no player Statcast/pitch-type/fair-probability model in this artifact; not a bet.","official lineup/spot, current price, and fair-probability model",rotowire_props_two_way,2026-05-01
125,Cal Raleigh,unavailable,KC@SEA,2+ total bases,1.5,145,0.4082,,,,5.0,WATCHLIST,"Price captured, but no player Statcast/pitch-type/fair-probability model in this artifact; not a bet.","official lineup/spot, current price, and fair-probability model",rotowire_props_two_way,2026-05-01
126,Corbin Carroll,unavailable,AZ@CHC,2+ total bases,1.5,145,0.4082,,,,5.0,WATCHLIST,"Price captured, but no player Statcast/pitch-type/fair-probability model in this artifact; not a bet.","official lineup/spot, current price, and fair-probability model",rotowire_props_two_way,2026-05-01
127,Kevin McGonigle,unavailable,TEX@DET,2+ total bases,1.5,146,0.4065,,,,5.0,WATCHLIST,"Price captured, but no player Statcast/pitch-type/fair-probability model in this artifact; not a bet.","official lineup/spot, current price, and fair-probability model",rotowire_props_two_way,2026-05-01
128,Jorge Mateo,unavailable,ATL@COL,2+ total bases,1.5,146,0.4065,,,,5.0,WATCHLIST,"Price captured, but no player Statcast/pitch-type/fair-probability model in this artifact; not a bet.","official lineup/spot, current price, and fair-probability model",rotowire_props_two_way,2026-05-01
129,Xander Bogaerts,unavailable,CWS@SD,2+ total bases,1.5,146,0.4065,,,,5.0,WATCHLIST,"Price captured, but no player Statcast/pitch-type/fair-probability model in this artifact; not a bet.","official lineup/spot, current price, and fair-probability model",rotowire_props_two_way,2026-05-01
130,Vinnie Pasquantino,unavailable,KC@SEA,2+ total bases,1.5,146,0.4065,,,,5.0,WATCHLIST,"Price captured, but no player Statcast/pitch-type/fair-probability model in this artifact; not a bet.","official lineup/spot, current price, and fair-probability model",rotowire_props_two_way,2026-05-01
131,Seiya Suzuki,unavailable,AZ@CHC,2+ total bases,1.5,146,0.4065,,,,5.0,WATCHLIST,"Price captured, but no player Statcast/pitch-type/fair-probability model in this artifact; not a bet.","official lineup/spot, current price, and fair-probability model",rotowire_props_two_way,2026-05-01
132,Maikel Garcia,unavailable,KC@SEA,2+ total bases,1.5,147,0.4049,,,,5.0,WATCHLIST,"Price captured, but no player Statcast/pitch-type/fair-probability model in this artifact; not a bet.","official lineup/spot, current price, and fair-probability model",rotowire_props_two_way,2026-05-01
133,Xavier Edwards,unavailable,PHI@MIA,2+ total bases,1.5,148,0.4032,,,,5.0,WATCHLIST,"Price captured, but no player Statcast/pitch-type/fair-probability model in this artifact; not a bet.","official lineup/spot, current price, and fair-probability model",rotowire_props_two_way,2026-05-01
134,Rafael Devers,unavailable,SF@TB,2+ total bases,1.5,148,0.4032,,,,5.0,WATCHLIST,"Price captured, but no player Statcast/pitch-type/fair-probability model in this artifact; not a bet.","official lineup/spot, current price, and fair-probability model",rotowire_props_two_way,2026-05-01
135,Nolan Schanuel,unavailable,NYM@LAA,2+ total bases,1.5,148,0.4032,,,,5.0,WATCHLIST,"Price captured, but no player Statcast/pitch-type/fair-probability model in this artifact; not a bet.","official lineup/spot, current price, and fair-probability model",rotowire_props_two_way,2026-05-01
136,Austin Hays,unavailable,CWS@SD,2+ total bases,1.5,148,0.4032,,,,5.0,WATCHLIST,"Price captured, but no player Statcast/pitch-type/fair-probability model in this artifact; not a bet.","official lineup/spot, current price, and fair-probability model",rotowire_props_two_way,2026-05-01
137,Luis Garcia,unavailable,MIL@WSH,2+ total bases,1.5,149,0.4016,,,,5.0,WATCHLIST,"Price captured, but no player Statcast/pitch-type/fair-probability model in this artifact; not a bet.","official lineup/spot, current price, and fair-probability model",rotowire_props_two_way,2026-05-01
138,Nick Kurtz,unavailable,CLE@ATH,2+ total bases,1.5,149,0.4016,,,,5.0,WATCHLIST,"Price captured, but no player Statcast/pitch-type/fair-probability model in this artifact; not a bet.","official lineup/spot, current price, and fair-probability model",rotowire_props_two_way,2026-05-01
139,Matt Vierling,unavailable,TEX@DET,2+ total bases,1.5,150,0.4,,,,5.0,WATCHLIST,"Price captured, but no player Statcast/pitch-type/fair-probability model in this artifact; not a bet.","official lineup/spot, current price, and fair-probability model",rotowire_props_two_way,2026-05-01
140,Miguel Andujar,unavailable,CWS@SD,2+ total bases,1.5,150,0.4,,,,5.0,WATCHLIST,"Price captured, but no player Statcast/pitch-type/fair-probability model in this artifact; not a bet.","official lineup/spot, current price, and fair-probability model",rotowire_props_two_way,2026-05-01
141,Lourdes Gurriel,unavailable,AZ@CHC,2+ total bases,1.5,150,0.4,,,,5.0,WATCHLIST,"Price captured, but no player Statcast/pitch-type/fair-probability model in this artifact; not a bet.","official lineup/spot, current price, and fair-probability model",rotowire_props_yes_only,2026-05-01
142,Ketel Marte,unavailable,AZ@CHC,2+ total bases,1.5,150,0.4,,,,5.0,WATCHLIST,"Price captured, but no player Statcast/pitch-type/fair-probability model in this artifact; not a bet.","official lineup/spot, current price, and fair-probability model",rotowire_props_yes_only,2026-05-01
143,Samuel Basallo,unavailable,BAL@NYY,2+ total bases,1.5,151,0.3984,,,,5.0,WATCHLIST,"Price captured, but no player Statcast/pitch-type/fair-probability model in this artifact; not a bet.","official lineup/spot, current price, and fair-probability model",rotowire_props_two_way,2026-05-01
144,JJ Wetherholt,unavailable,LAD@STL,2+ total bases,1.5,151,0.3984,,,,5.0,WATCHLIST,"Price captured, but no player Statcast/pitch-type/fair-probability model in this artifact; not a bet.","official lineup/spot, current price, and fair-probability model",rotowire_props_two_way,2026-05-01
145,Daniel Schneemann,unavailable,CLE@ATH,2+ total bases,1.5,151,0.3984,,,,5.0,WATCHLIST,"Price captured, but no player Statcast/pitch-type/fair-probability model in this artifact; not a bet.","official lineup/spot, current price, and fair-probability model",rotowire_props_two_way,2026-05-01
146,Jake Burger,unavailable,TEX@DET,2+ total bases,1.5,152,0.3968,,,,5.0,WATCHLIST,"Price captured, but no player Statcast/pitch-type/fair-probability model in this artifact; not a bet.","official lineup/spot, current price, and fair-probability model",rotowire_props_two_way,2026-05-01
147,James Wood,unavailable,MIL@WSH,2+ total bases,1.5,152,0.3968,,,,5.0,WATCHLIST,"Price captured, but no player Statcast/pitch-type/fair-probability model in this artifact; not a bet.","official lineup/spot, current price, and fair-probability model",rotowire_props_two_way,2026-05-01
148,Jordan Walker,unavailable,LAD@STL,2+ total bases,1.5,152,0.3968,,,,5.0,WATCHLIST,"Price captured, but no player Statcast/pitch-type/fair-probability model in this artifact; not a bet.","official lineup/spot, current price, and fair-probability model",rotowire_props_two_way,2026-05-01
149,Carson Benge,unavailable,NYM@LAA,2+ total bases,1.5,152,0.3968,,,,5.0,WATCHLIST,"Price captured, but no player Statcast/pitch-type/fair-probability model in this artifact; not a bet.","official lineup/spot, current price, and fair-probability model",rotowire_props_two_way,2026-05-01
150,Jorge Soler,unavailable,NYM@LAA,2+ total bases,1.5,152,0.3968,,,,5.0,WATCHLIST,"Price captured, but no player Statcast/pitch-type/fair-probability model in this artifact; not a bet.","official lineup/spot, current price, and fair-probability model",rotowire_props_two_way,2026-05-01
151,Taylor Ward,unavailable,BAL@NYY,2+ total bases,1.5,154,0.3937,,,,5.0,WATCHLIST,"Price captured, but no player Statcast/pitch-type/fair-probability model in this artifact; not a bet.","official lineup/spot, current price, and fair-probability model",rotowire_props_two_way,2026-05-01
152,Ty France,unavailable,CWS@SD,2+ total bases,1.5,154,0.3937,,,,5.0,WATCHLIST,"Price captured, but no player Statcast/pitch-type/fair-probability model in this artifact; not a bet.","official lineup/spot, current price, and fair-probability model",rotowire_props_two_way,2026-05-01
153,Jakob Marsee,unavailable,PHI@MIA,2+ total bases,1.5,155,0.3922,,,,5.0,WATCHLIST,"Price captured, but no player Statcast/pitch-type/fair-probability model in this artifact; not a bet.","official lineup/spot, current price, and fair-probability model",rotowire_props_two_way,2026-05-01
154,Matt Chapman,unavailable,SF@TB,2+ total bases,1.5,155,0.3922,,,,5.0,WATCHLIST,"Price captured, but no player Statcast/pitch-type/fair-probability model in this artifact; not a bet.","official lineup/spot, current price, and fair-probability model",rotowire_props_two_way,2026-05-01
155,Luke Keaschall,unavailable,TOR@MIN,2+ total bases,1.5,155,0.3922,,,,5.0,WATCHLIST,"Price captured, but no player Statcast/pitch-type/fair-probability model in this artifact; not a bet.","official lineup/spot, current price, and fair-probability model",rotowire_props_two_way,2026-05-01
156,Kyle Karros,unavailable,ATL@COL,2+ total bases,1.5,155,0.3922,,,,5.0,WATCHLIST,"Price captured, but no player Statcast/pitch-type/fair-probability model in this artifact; not a bet.","official lineup/spot, current price, and fair-probability model",rotowire_props_two_way,2026-05-01
157,Travis Bazzana,unavailable,CLE@ATH,2+ total bases,1.5,155,0.3922,,,,5.0,WATCHLIST,"Price captured, but no player Statcast/pitch-type/fair-probability model in this artifact; not a bet.","official lineup/spot, current price, and fair-probability model",rotowire_props_two_way,2026-05-01
158,Moises Ballesteros,unavailable,AZ@CHC,2+ total bases,1.5,155,0.3922,,,,5.0,WATCHLIST,"Price captured, but no player Statcast/pitch-type/fair-probability model in this artifact; not a bet.","official lineup/spot, current price, and fair-probability model",rotowire_props_two_way,2026-05-01
159,Bo Naylor,unavailable,CLE@ATH,2+ total bases,1.5,156,0.3906,,,,5.0,WATCHLIST,"Price captured, but no player Statcast/pitch-type/fair-probability model in this artifact; not a bet.","official lineup/spot, current price, and fair-probability model",rotowire_props_two_way,2026-05-01
160,Colby Thomas,unavailable,CLE@ATH,2+ total bases,1.5,156,0.3906,,,,5.0,WATCHLIST,"Price captured, but no player Statcast/pitch-type/fair-probability model in this artifact; not a bet.","official lineup/spot, current price, and fair-probability model",rotowire_props_two_way,2026-05-01
161,Tyler Black,unavailable,MIL@WSH,2+ total bases,1.5,158,0.3876,,,,5.0,WATCHLIST,"Price captured, but no player Statcast/pitch-type/fair-probability model in this artifact; not a bet.","official lineup/spot, current price, and fair-probability model",rotowire_props_two_way,2026-05-01
162,Marcell Ozuna,unavailable,CIN@PIT,2+ total bases,1.5,158,0.3876,,,,5.0,WATCHLIST,"Price captured, but no player Statcast/pitch-type/fair-probability model in this artifact; not a bet.","official lineup/spot, current price, and fair-probability model",rotowire_props_two_way,2026-05-01
163,Liam Hicks,unavailable,PHI@MIA,2+ total bases,1.5,158,0.3876,,,,5.0,WATCHLIST,"Price captured, but no player Statcast/pitch-type/fair-probability model in this artifact; not a bet.","official lineup/spot, current price, and fair-probability model",rotowire_props_two_way,2026-05-01
164,Josh Lowe,unavailable,NYM@LAA,2+ total bases,1.5,158,0.3876,,,,5.0,WATCHLIST,"Price captured, but no player Statcast/pitch-type/fair-probability model in this artifact; not a bet.","official lineup/spot, current price, and fair-probability model",rotowire_props_two_way,2026-05-01
165,Max Muncy,unavailable,LAD@STL,2+ total bases,1.5,159,0.3861,,,,5.0,WATCHLIST,"Price captured, but no player Statcast/pitch-type/fair-probability model in this artifact; not a bet.","official lineup/spot, current price, and fair-probability model",rotowire_props_two_way,2026-05-01
166,Sal Frelick,unavailable,MIL@WSH,2+ total bases,1.5,160,0.3846,,,,5.0,WATCHLIST,"Price captured, but no player Statcast/pitch-type/fair-probability model in this artifact; not a bet.","official lineup/spot, current price, and fair-probability model",rotowire_props_two_way,2026-05-01
167,Matt McLain,unavailable,CIN@PIT,2+ total bases,1.5,160,0.3846,,,,5.0,WATCHLIST,"Price captured, but no player Statcast/pitch-type/fair-probability model in this artifact; not a bet.","official lineup/spot, current price, and fair-probability model",rotowire_props_two_way,2026-05-01
168,Caleb Durbin,unavailable,HOU@BOS,2+ total bases,1.5,160,0.3846,,,,5.0,WATCHLIST,"Price captured, but no player Statcast/pitch-type/fair-probability model in this artifact; not a bet.","official lineup/spot, current price, and fair-probability model",rotowire_props_two_way,2026-05-01
169,Alec Bohm,unavailable,PHI@MIA,2+ total bases,1.5,160,0.3846,,,,5.0,WATCHLIST,"Price captured, but no player Statcast/pitch-type/fair-probability model in this artifact; not a bet.","official lineup/spot, current price, and fair-probability model",rotowire_props_two_way,2026-05-01
170,Andres Gimenez,unavailable,TOR@MIN,2+ total bases,1.5,160,0.3846,,,,5.0,WATCHLIST,"Price captured, but no player Statcast/pitch-type/fair-probability model in this artifact; not a bet.","official lineup/spot, current price, and fair-probability model",rotowire_props_two_way,2026-05-01
171,Brayan Rocchio,unavailable,CLE@ATH,2+ total bases,1.5,160,0.3846,,,,5.0,WATCHLIST,"Price captured, but no player Statcast/pitch-type/fair-probability model in this artifact; not a bet.","official lineup/spot, current price, and fair-probability model",rotowire_props_two_way,2026-05-01
172,Salvador Perez,unavailable,KC@SEA,2+ total bases,1.5,160,0.3846,,,,5.0,WATCHLIST,"Price captured, but no player Statcast/pitch-type/fair-probability model in this artifact; not a bet.","official lineup/spot, current price, and fair-probability model",rotowire_props_two_way,2026-05-01
173,Alex Bregman,unavailable,AZ@CHC,2+ total bases,1.5,160,0.3846,,,,5.0,WATCHLIST,"Price captured, but no player Statcast/pitch-type/fair-probability model in this artifact; not a bet.","official lineup/spot, current price, and fair-probability model",rotowire_props_two_way,2026-05-01
174,Ildemaro Vargas,unavailable,AZ@CHC,2+ total bases,1.5,160,0.3846,,,,5.0,WATCHLIST,"Price captured, but no player Statcast/pitch-type/fair-probability model in this artifact; not a bet.","official lineup/spot, current price, and fair-probability model",rotowire_props_two_way,2026-05-01
175,Cam Smith,unavailable,HOU@BOS,2+ total bases,1.5,161,0.3831,,,,5.0,WATCHLIST,"Price captured, but no player Statcast/pitch-type/fair-probability model in this artifact; not a bet.","official lineup/spot, current price, and fair-probability model",rotowire_props_two_way,2026-05-01
176,Jonny DeLuca,unavailable,SF@TB,2+ total bases,1.5,162,0.3817,,,,5.0,WATCHLIST,"Price captured, but no player Statcast/pitch-type/fair-probability model in this artifact; not a bet.","official lineup/spot, current price, and fair-probability model",rotowire_props_two_way,2026-05-01
177,Brett Baty,unavailable,NYM@LAA,2+ total bases,1.5,162,0.3817,,,,5.0,WATCHLIST,"Price captured, but no player Statcast/pitch-type/fair-probability model in this artifact; not a bet.","official lineup/spot, current price, and fair-probability model",rotowire_props_two_way,2026-05-01
178,Victor Caratini,unavailable,TOR@MIN,2+ total bases,1.5,164,0.3788,,,,5.0,WATCHLIST,"Price captured, but no player Statcast/pitch-type/fair-probability model in this artifact; not a bet.","official lineup/spot, current price, and fair-probability model",rotowire_props_two_way,2026-05-01
179,Brady House,unavailable,MIL@WSH,2+ total bases,1.5,165,0.3774,,,,5.0,WATCHLIST,"Price captured, but no player Statcast/pitch-type/fair-probability model in this artifact; not a bet.","official lineup/spot, current price, and fair-probability model",rotowire_props_two_way,2026-05-01
180,Daylen Lile,unavailable,MIL@WSH,2+ total bases,1.5,165,0.3774,,,,5.0,WATCHLIST,"Price captured, but no player Statcast/pitch-type/fair-probability model in this artifact; not a bet.","official lineup/spot, current price, and fair-probability model",rotowire_props_two_way,2026-05-01
181,Chandler Simpson,unavailable,SF@TB,2+ total bases,1.5,165,0.3774,,,,5.0,WATCHLIST,"Price captured, but no player Statcast/pitch-type/fair-probability model in this artifact; not a bet.","official lineup/spot, current price, and fair-probability model",rotowire_props_two_way,2026-05-01
182,Carter Jensen,unavailable,KC@SEA,2+ total bases,1.5,165,0.3774,,,,5.0,WATCHLIST,"Price captured, but no player Statcast/pitch-type/fair-probability model in this artifact; not a bet.","official lineup/spot, current price, and fair-probability model",rotowire_props_two_way,2026-05-01
183,CJ Abrams,unavailable,MIL@WSH,2+ total bases,1.5,166,0.3759,,,,5.0,WATCHLIST,"Price captured, but no player Statcast/pitch-type/fair-probability model in this artifact; not a bet.","official lineup/spot, current price, and fair-probability model",rotowire_props_two_way,2026-05-01
184,Jonathan Aranda,unavailable,SF@TB,2+ total bases,1.5,166,0.3759,,,,5.0,WATCHLIST,"Price captured, but no player Statcast/pitch-type/fair-probability model in this artifact; not a bet.","official lineup/spot, current price, and fair-probability model",rotowire_props_two_way,2026-05-01
185,Darell Hernaiz,unavailable,CLE@ATH,2+ total bases,1.5,166,0.3759,,,,5.0,WATCHLIST,"Price captured, but no player Statcast/pitch-type/fair-probability model in this artifact; not a bet.","official lineup/spot, current price, and fair-probability model",rotowire_props_two_way,2026-05-01
186,Miguel Rojas,unavailable,LAD@STL,2+ total bases,1.5,167,0.3745,,,,5.0,WATCHLIST,"Price captured, but no player Statcast/pitch-type/fair-probability model in this artifact; not a bet.","official lineup/spot, current price, and fair-probability model",rotowire_props_two_way,2026-05-01
187,Josh Naylor,unavailable,KC@SEA,2+ total bases,1.5,167,0.3745,,,,5.0,WATCHLIST,"Price captured, but no player Statcast/pitch-type/fair-probability model in this artifact; not a bet.","official lineup/spot, current price, and fair-probability model",rotowire_props_two_way,2026-05-01
188,Gleyber Torres,unavailable,TEX@DET,2+ total bases,1.5,168,0.3731,,,,5.0,WATCHLIST,"Price captured, but no player Statcast/pitch-type/fair-probability model in this artifact; not a bet.","official lineup/spot, current price, and fair-probability model",rotowire_props_two_way,2026-05-01
189,Brooks Lee,unavailable,TOR@MIN,2+ total bases,1.5,168,0.3731,,,,5.0,WATCHLIST,"Price captured, but no player Statcast/pitch-type/fair-probability model in this artifact; not a bet.","official lineup/spot, current price, and fair-probability model",rotowire_props_two_way,2026-05-01
190,Santiago Espinal,unavailable,LAD@STL,2+ total bases,1.5,168,0.3731,,,,5.0,WATCHLIST,"Price captured, but no player Statcast/pitch-type/fair-probability model in this artifact; not a bet.","official lineup/spot, current price, and fair-probability model",rotowire_props_two_way,2026-05-01
191,Ian Happ,unavailable,AZ@CHC,2+ total bases,1.5,168,0.3731,,,,5.0,WATCHLIST,"Price captured, but no player Statcast/pitch-type/fair-probability model in this artifact; not a bet.","official lineup/spot, current price, and fair-probability model",rotowire_props_two_way,2026-05-01
192,Brandon Marsh,unavailable,PHI@MIA,2+ total bases,1.5,170,0.3704,,,,5.0,WATCHLIST,"Price captured, but no player Statcast/pitch-type/fair-probability model in this artifact; not a bet.","official lineup/spot, current price, and fair-probability model",rotowire_props_two_way,2026-05-01
193,Jung Hoo Lee,unavailable,SF@TB,2+ total bases,1.5,170,0.3704,,,,5.0,WATCHLIST,"Price captured, but no player Statcast/pitch-type/fair-probability model in this artifact; not a bet.","official lineup/spot, current price, and fair-probability model",rotowire_props_two_way,2026-05-01
194,Ronny Mauricio,unavailable,NYM@LAA,2+ total bases,1.5,170,0.3704,,,,5.0,WATCHLIST,"Price captured, but no player Statcast/pitch-type/fair-probability model in this artifact; not a bet.","official lineup/spot, current price, and fair-probability model",rotowire_props_two_way,2026-05-01
195,Michael Massey,unavailable,KC@SEA,2+ total bases,1.5,170,0.3704,,,,5.0,WATCHLIST,"Price captured, but no player Statcast/pitch-type/fair-probability model in this artifact; not a bet.","official lineup/spot, current price, and fair-probability model",rotowire_props_two_way,2026-05-01
196,Royce Lewis,unavailable,TOR@MIN,2+ total bases,1.5,171,0.369,,,,5.0,WATCHLIST,"Price captured, but no player Statcast/pitch-type/fair-probability model in this artifact; not a bet.","official lineup/spot, current price, and fair-probability model",rotowire_props_two_way,2026-05-01
197,Leody Taveras,unavailable,BAL@NYY,2+ total bases,1.5,172,0.3676,,,,5.0,WATCHLIST,"Price captured, but no player Statcast/pitch-type/fair-probability model in this artifact; not a bet.","official lineup/spot, current price, and fair-probability model",rotowire_props_two_way,2026-05-01
198,Pete Crow-Armstrong,unavailable,AZ@CHC,2+ total bases,1.5,172,0.3676,,,,5.0,WATCHLIST,"Price captured, but no player Statcast/pitch-type/fair-probability model in this artifact; not a bet.","official lineup/spot, current price, and fair-probability model",rotowire_props_two_way,2026-05-01
199,Tyler Stephenson,unavailable,CIN@PIT,2+ total bases,1.5,174,0.365,,,,5.0,WATCHLIST,"Price captured, but no player Statcast/pitch-type/fair-probability model in this artifact; not a bet.","official lineup/spot, current price, and fair-probability model",rotowire_props_two_way,2026-05-01
200,Wenceel Perez,unavailable,TEX@DET,2+ total bases,1.5,175,0.3636,,,,5.0,WATCHLIST,"Price captured, but no player Statcast/pitch-type/fair-probability model in this artifact; not a bet.","official lineup/spot, current price, and fair-probability model",rotowire_props_two_way,2026-05-01
201,Bryson Stott,unavailable,PHI@MIA,2+ total bases,1.5,175,0.3636,,,,5.0,WATCHLIST,"Price captured, but no player Statcast/pitch-type/fair-probability model in this artifact; not a bet.","official lineup/spot, current price, and fair-probability model",rotowire_props_two_way,2026-05-01
202,Spencer Torkelson,unavailable,TEX@DET,2+ total bases,1.5,176,0.3623,,,,5.0,WATCHLIST,"Price captured, but no player Statcast/pitch-type/fair-probability model in this artifact; not a bet.","official lineup/spot, current price, and fair-probability model",rotowire_props_two_way,2026-05-01
203,Sam Antonacci,unavailable,CWS@SD,2+ total bases,1.5,176,0.3623,,,,5.0,WATCHLIST,"Price captured, but no player Statcast/pitch-type/fair-probability model in this artifact; not a bet.","official lineup/spot, current price, and fair-probability model",rotowire_props_two_way,2026-05-01
204,Konnor Griffin,unavailable,CIN@PIT,2+ total bases,1.5,177,0.361,,,,5.0,WATCHLIST,"Price captured, but no player Statcast/pitch-type/fair-probability model in this artifact; not a bet.","official lineup/spot, current price, and fair-probability model",rotowire_props_two_way,2026-05-01
205,Agustin Ramirez,unavailable,PHI@MIA,2+ total bases,1.5,178,0.3597,,,,5.0,WATCHLIST,"Price captured, but no player Statcast/pitch-type/fair-probability model in this artifact; not a bet.","official lineup/spot, current price, and fair-probability model",rotowire_props_two_way,2026-05-01
206,Jeff McNeil,unavailable,CLE@ATH,2+ total bases,1.5,179,0.3584,,,,5.0,WATCHLIST,"Price captured, but no player Statcast/pitch-type/fair-probability model in this artifact; not a bet.","official lineup/spot, current price, and fair-probability model",rotowire_props_two_way,2026-05-01
207,Spencer Steer,unavailable,CIN@PIT,2+ total bases,1.5,180,0.3571,,,,5.0,WATCHLIST,"Price captured, but no player Statcast/pitch-type/fair-probability model in this artifact; not a bet.","official lineup/spot, current price, and fair-probability model",rotowire_props_two_way,2026-05-01
208,Jake McCarthy,unavailable,ATL@COL,2+ total bases,1.5,180,0.3571,,,,5.0,WATCHLIST,"Price captured, but no player Statcast/pitch-type/fair-probability model in this artifact; not a bet.","official lineup/spot, current price, and fair-probability model",rotowire_props_two_way,2026-05-01
209,Geraldo Perdomo,unavailable,AZ@CHC,2+ total bases,1.5,180,0.3571,,,,5.0,WATCHLIST,"Price captured, but no player Statcast/pitch-type/fair-probability model in this artifact; not a bet.","official lineup/spot, current price, and fair-probability model",rotowire_props_two_way,2026-05-01
210,Jahmai Jones,unavailable,TEX@DET,2+ total bases,1.5,182,0.3546,,,,5.0,WATCHLIST,"Price captured, but no player Statcast/pitch-type/fair-probability model in this artifact; not a bet.","official lineup/spot, current price, and fair-probability model",rotowire_props_two_way,2026-05-01
211,Carlos Narvaez,unavailable,HOU@BOS,2+ total bases,1.5,182,0.3546,,,,5.0,WATCHLIST,"Price captured, but no player Statcast/pitch-type/fair-probability model in this artifact; not a bet.","official lineup/spot, current price, and fair-probability model",rotowire_props_two_way,2026-05-01
212,Jac Caglianone,unavailable,KC@SEA,2+ total bases,1.5,182,0.3546,,,,5.0,WATCHLIST,"Price captured, but no player Statcast/pitch-type/fair-probability model in this artifact; not a bet.","official lineup/spot, current price, and fair-probability model",rotowire_props_two_way,2026-05-01
213,Riley Greene,unavailable,TEX@DET,2+ total bases,1.5,183,0.3534,,,,5.0,WATCHLIST,"Price captured, but no player Statcast/pitch-type/fair-probability model in this artifact; not a bet.","official lineup/spot, current price, and fair-probability model",rotowire_props_two_way,2026-05-01
214,Randy Arozarena,unavailable,KC@SEA,2+ total bases,1.5,184,0.3521,,,,5.0,WATCHLIST,"Price captured, but no player Statcast/pitch-type/fair-probability model in this artifact; not a bet.","official lineup/spot, current price, and fair-probability model",rotowire_props_two_way,2026-05-01
215,Michael Busch,unavailable,AZ@CHC,2+ total bases,1.5,184,0.3521,,,,5.0,WATCHLIST,"Price captured, but no player Statcast/pitch-type/fair-probability model in this artifact; not a bet.","official lineup/spot, current price, and fair-probability model",rotowire_props_two_way,2026-05-01
216,Hyeseong Kim,unavailable,LAD@STL,2+ total bases,1.5,185,0.3509,,,,5.0,WATCHLIST,"Price captured, but no player Statcast/pitch-type/fair-probability model in this artifact; not a bet.","official lineup/spot, current price, and fair-probability model",rotowire_props_two_way,2026-05-01
217,Gabriel Moreno,unavailable,AZ@CHC,2+ total bases,1.5,185,0.3509,,,,5.0,WATCHLIST,"Price captured, but no player Statcast/pitch-type/fair-probability model in this artifact; not a bet.","official lineup/spot, current price, and fair-probability model",rotowire_props_two_way,2026-05-01
218,Brandon Lockridge,unavailable,MIL@WSH,2+ total bases,1.5,186,0.3497,,,,5.0,WATCHLIST,"Price captured, but no player Statcast/pitch-type/fair-probability model in this artifact; not a bet.","official lineup/spot, current price, and fair-probability model",rotowire_props_two_way,2026-05-01
219,Spencer Horwitz,unavailable,CIN@PIT,2+ total bases,1.5,186,0.3497,,,,5.0,WATCHLIST,"Price captured, but no player Statcast/pitch-type/fair-probability model in this artifact; not a bet.","official lineup/spot, current price, and fair-probability model",rotowire_props_two_way,2026-05-01
220,Jeremiah Jackson,unavailable,BAL@NYY,2+ total bases,1.5,186,0.3497,,,,5.0,WATCHLIST,"Price captured, but no player Statcast/pitch-type/fair-probability model in this artifact; not a bet.","official lineup/spot, current price, and fair-probability model",rotowire_props_two_way,2026-05-01
221,Joc Pederson,unavailable,TEX@DET,2+ total bases,1.5,189,0.346,,,,5.0,WATCHLIST,"Price captured, but no player Statcast/pitch-type/fair-probability model in this artifact; not a bet.","official lineup/spot, current price, and fair-probability model",rotowire_props_two_way,2026-05-01
222,Willy Adames,unavailable,SF@TB,2+ total bases,1.5,190,0.3448,,,,5.0,WATCHLIST,"Price captured, but no player Statcast/pitch-type/fair-probability model in this artifact; not a bet.","official lineup/spot, current price, and fair-probability model",rotowire_props_two_way,2026-05-01
223,Travis d'Arnaud,unavailable,NYM@LAA,2+ total bases,1.5,190,0.3448,,,,5.0,WATCHLIST,"Price captured, but no player Statcast/pitch-type/fair-probability model in this artifact; not a bet.","official lineup/spot, current price, and fair-probability model",rotowire_props_two_way,2026-05-01
224,JJ Bleday,unavailable,CIN@PIT,2+ total bases,1.5,192,0.3425,,,,5.0,WATCHLIST,"Price captured, but no player Statcast/pitch-type/fair-probability model in this artifact; not a bet.","official lineup/spot, current price, and fair-probability model",rotowire_props_two_way,2026-05-01
225,Justin Crawford,unavailable,PHI@MIA,2+ total bases,1.5,192,0.3425,,,,5.0,WATCHLIST,"Price captured, but no player Statcast/pitch-type/fair-probability model in this artifact; not a bet.","official lineup/spot, current price, and fair-probability model",rotowire_props_two_way,2026-05-01
226,Adrian Del Castillo,unavailable,AZ@CHC,2+ total bases,1.5,193,0.3413,,,,5.0,WATCHLIST,"Price captured, but no player Statcast/pitch-type/fair-probability model in this artifact; not a bet.","official lineup/spot, current price, and fair-probability model",rotowire_props_two_way,2026-05-01
227,Zack Gelof,unavailable,CLE@ATH,2+ total bases,1.5,194,0.3401,,,,5.0,WATCHLIST,"Price captured, but no player Statcast/pitch-type/fair-probability model in this artifact; not a bet.","official lineup/spot, current price, and fair-probability model",rotowire_props_two_way,2026-05-01
228,Brice Matthews,unavailable,HOU@BOS,2+ total bases,1.5,195,0.339,,,,5.0,WATCHLIST,"Price captured, but no player Statcast/pitch-type/fair-probability model in this artifact; not a bet.","official lineup/spot, current price, and fair-probability model",rotowire_props_two_way,2026-05-01
229,Cole Young,unavailable,KC@SEA,2+ total bases,1.5,195,0.339,,,,5.0,WATCHLIST,"Price captured, but no player Statcast/pitch-type/fair-probability model in this artifact; not a bet.","official lineup/spot, current price, and fair-probability model",rotowire_props_two_way,2026-05-01
230,Chase Meidroth,unavailable,CWS@SD,2+ total bases,1.5,196,0.3378,,,,5.0,WATCHLIST,"Price captured, but no player Statcast/pitch-type/fair-probability model in this artifact; not a bet.","official lineup/spot, current price, and fair-probability model",rotowire_props_two_way,2026-05-01
231,Dylan Beavers,unavailable,BAL@NYY,2+ total bases,1.5,198,0.3356,,,,5.0,WATCHLIST,"Price captured, but no player Statcast/pitch-type/fair-probability model in this artifact; not a bet.","official lineup/spot, current price, and fair-probability model",rotowire_props_two_way,2026-05-01
232,Rob Refsnyder,unavailable,KC@SEA,2+ total bases,1.5,198,0.3356,,,,5.0,WATCHLIST,"Price captured, but no player Statcast/pitch-type/fair-probability model in this artifact; not a bet.","official lineup/spot, current price, and fair-probability model",rotowire_props_two_way,2026-05-01
233,Nolan Arenado,unavailable,AZ@CHC,2+ total bases,1.5,198,0.3356,,,,5.0,WATCHLIST,"Price captured, but no player Statcast/pitch-type/fair-probability model in this artifact; not a bet.","official lineup/spot, current price, and fair-probability model",rotowire_props_two_way,2026-05-01
234,David Hamilton,unavailable,MIL@WSH,2+ total bases,1.5,200,0.3333,,,,5.0,WATCHLIST,"Price captured, but no player Statcast/pitch-type/fair-probability model in this artifact; not a bet.","official lineup/spot, current price, and fair-probability model",rotowire_props_two_way,2026-05-01
235,Ben Williamson,unavailable,SF@TB,2+ total bases,1.5,200,0.3333,,,,5.0,WATCHLIST,"Price captured, but no player Statcast/pitch-type/fair-probability model in this artifact; not a bet.","official lineup/spot, current price, and fair-probability model",rotowire_props_two_way,2026-05-01
236,Masyn Winn,unavailable,LAD@STL,2+ total bases,1.5,200,0.3333,,,,5.0,WATCHLIST,"Price captured, but no player Statcast/pitch-type/fair-probability model in this artifact; not a bet.","official lineup/spot, current price, and fair-probability model",rotowire_props_two_way,2026-05-01
237,Yohendrick Pinango,unavailable,TOR@MIN,2+ total bases,1.5,202,0.3311,,,,5.0,WATCHLIST,"Price captured, but no player Statcast/pitch-type/fair-probability model in this artifact; not a bet.","official lineup/spot, current price, and fair-probability model",rotowire_props_two_way,2026-05-01
238,Jazz Chisholm,unavailable,BAL@NYY,2+ total bases,1.5,203,0.33,,,,5.0,WATCHLIST,"Price captured, but no player Statcast/pitch-type/fair-probability model in this artifact; not a bet.","official lineup/spot, current price, and fair-probability model",rotowire_props_two_way,2026-05-01
239,Mitch Garver,unavailable,KC@SEA,2+ total bases,1.5,204,0.3289,,,,5.0,WATCHLIST,"Price captured, but no player Statcast/pitch-type/fair-probability model in this artifact; not a bet.","official lineup/spot, current price, and fair-probability model",rotowire_props_two_way,2026-05-01
240,Ryan Vilade,unavailable,SF@TB,2+ total bases,1.5,205,0.3279,,,,5.0,WATCHLIST,"Price captured, but no player Statcast/pitch-type/fair-probability model in this artifact; not a bet.","official lineup/spot, current price, and fair-probability model",rotowire_props_two_way,2026-05-01
241,Matt Wallner,unavailable,TOR@MIN,2+ total bases,1.5,205,0.3279,,,,5.0,WATCHLIST,"Price captured, but no player Statcast/pitch-type/fair-probability model in this artifact; not a bet.","official lineup/spot, current price, and fair-probability model",rotowire_props_two_way,2026-05-01
242,Jose Fernandez,unavailable,AZ@CHC,2+ total bases,1.5,205,0.3279,,,,5.0,WATCHLIST,"Price captured, but no player Statcast/pitch-type/fair-probability model in this artifact; not a bet.","official lineup/spot, current price, and fair-probability model",rotowire_props_two_way,2026-05-01
243,Evan Carter,unavailable,TEX@DET,2+ total bases,1.5,206,0.3268,,,,5.0,WATCHLIST,"Price captured, but no player Statcast/pitch-type/fair-probability model in this artifact; not a bet.","official lineup/spot, current price, and fair-probability model",rotowire_props_two_way,2026-05-01
244,Jacob Young,unavailable,MIL@WSH,2+ total bases,1.5,206,0.3268,,,,5.0,WATCHLIST,"Price captured, but no player Statcast/pitch-type/fair-probability model in this artifact; not a bet.","official lineup/spot, current price, and fair-probability model",rotowire_props_two_way,2026-05-01
245,Keibert Ruiz,unavailable,MIL@WSH,2+ total bases,1.5,208,0.3247,,,,5.0,WATCHLIST,"Price captured, but no player Statcast/pitch-type/fair-probability model in this artifact; not a bet.","official lineup/spot, current price, and fair-probability model",rotowire_props_two_way,2026-05-01
246,Carson Kelly,unavailable,AZ@CHC,2+ total bases,1.5,208,0.3247,,,,5.0,WATCHLIST,"Price captured, but no player Statcast/pitch-type/fair-probability model in this artifact; not a bet.","official lineup/spot, current price, and fair-probability model",rotowire_props_two_way,2026-05-01
247,Henry Davis,unavailable,CIN@PIT,2+ total bases,1.5,210,0.3226,,,,5.0,WATCHLIST,"Price captured, but no player Statcast/pitch-type/fair-probability model in this artifact; not a bet.","official lineup/spot, current price, and fair-probability model",rotowire_props_two_way,2026-05-01
248,Connor Norby,unavailable,PHI@MIA,2+ total bases,1.5,210,0.3226,,,,5.0,WATCHLIST,"Price captured, but no player Statcast/pitch-type/fair-probability model in this artifact; not a bet.","official lineup/spot, current price, and fair-probability model",rotowire_props_two_way,2026-05-01
249,Alek Thomas,unavailable,AZ@CHC,2+ total bases,1.5,210,0.3226,,,,5.0,WATCHLIST,"Price captured, but no player Statcast/pitch-type/fair-probability model in this artifact; not a bet.","official lineup/spot, current price, and fair-probability model",rotowire_props_two_way,2026-05-01
250,Nick Fortes,unavailable,SF@TB,2+ total bases,1.5,211,0.3215,,,,5.0,WATCHLIST,"Price captured, but no player Statcast/pitch-type/fair-probability model in this artifact; not a bet.","official lineup/spot, current price, and fair-probability model",rotowire_props_two_way,2026-05-01
251,Jose Caballero,unavailable,BAL@NYY,2+ total bases,1.5,215,0.3175,,,,5.0,WATCHLIST,"Price captured, but no player Statcast/pitch-type/fair-probability model in this artifact; not a bet.","official lineup/spot, current price, and fair-probability model",rotowire_props_two_way,2026-05-01
252,Austin Wells,unavailable,BAL@NYY,2+ total bases,1.5,215,0.3175,,,,5.0,WATCHLIST,"Price captured, but no player Statcast/pitch-type/fair-probability model in this artifact; not a bet.","official lineup/spot, current price, and fair-probability model",rotowire_props_two_way,2026-05-01
253,Freddy Fermin,unavailable,CWS@SD,2+ total bases,1.5,219,0.3135,,,,5.0,WATCHLIST,"Price captured, but no player Statcast/pitch-type/fair-probability model in this artifact; not a bet.","official lineup/spot, current price, and fair-probability model",rotowire_props_two_way,2026-05-01
254,Ke'Bryan Hayes,unavailable,CIN@PIT,2+ total bases,1.5,220,0.3125,,,,5.0,WATCHLIST,"Price captured, but no player Statcast/pitch-type/fair-probability model in this artifact; not a bet.","official lineup/spot, current price, and fair-probability model",rotowire_props_two_way,2026-05-01
255,Max Schuemann,unavailable,BAL@NYY,2+ total bases,1.5,220,0.3125,,,,5.0,WATCHLIST,"Price captured, but no player Statcast/pitch-type/fair-probability model in this artifact; not a bet.","official lineup/spot, current price, and fair-probability model",rotowire_props_two_way,2026-05-01
256,Adam Frazier,unavailable,NYM@LAA,2+ total bases,1.5,220,0.3125,,,,5.0,WATCHLIST,"Price captured, but no player Statcast/pitch-type/fair-probability model in this artifact; not a bet.","official lineup/spot, current price, and fair-probability model",rotowire_props_two_way,2026-05-01
257,Tyler Heineman,unavailable,TOR@MIN,2+ total bases,1.5,222,0.3106,,,,5.0,WATCHLIST,"Price captured, but no player Statcast/pitch-type/fair-probability model in this artifact; not a bet.","official lineup/spot, current price, and fair-probability model",rotowire_props_two_way,2026-05-01
258,J.P. Crawford,unavailable,KC@SEA,2+ total bases,1.5,222,0.3106,,,,5.0,WATCHLIST,"Price captured, but no player Statcast/pitch-type/fair-probability model in this artifact; not a bet.","official lineup/spot, current price, and fair-probability model",rotowire_props_two_way,2026-05-01
259,Hao-Yu Lee,unavailable,TEX@DET,2+ total bases,1.5,224,0.3086,,,,5.0,WATCHLIST,"Price captured, but no player Statcast/pitch-type/fair-probability model in this artifact; not a bet.","official lineup/spot, current price, and fair-probability model",rotowire_props_two_way,2026-05-01
260,Coby Mayo,unavailable,BAL@NYY,2+ total bases,1.5,225,0.3077,,,,5.0,WATCHLIST,"Price captured, but no player Statcast/pitch-type/fair-probability model in this artifact; not a bet.","official lineup/spot, current price, and fair-probability model",rotowire_props_two_way,2026-05-01
261,Nolan Gorman,unavailable,LAD@STL,2+ total bases,1.5,225,0.3077,,,,5.0,WATCHLIST,"Price captured, but no player Statcast/pitch-type/fair-probability model in this artifact; not a bet.","official lineup/spot, current price, and fair-probability model",rotowire_props_two_way,2026-05-01
262,Pedro Pages,unavailable,LAD@STL,2+ total bases,1.5,225,0.3077,,,,5.0,WATCHLIST,"Price captured, but no player Statcast/pitch-type/fair-probability model in this artifact; not a bet.","official lineup/spot, current price, and fair-probability model",rotowire_props_two_way,2026-05-01
263,Josh Smith,unavailable,TEX@DET,2+ total bases,1.5,226,0.3067,,,,5.0,WATCHLIST,"Price captured, but no player Statcast/pitch-type/fair-probability model in this artifact; not a bet.","official lineup/spot, current price, and fair-probability model",rotowire_props_two_way,2026-05-01
264,Alejandro Osuna,unavailable,TEX@DET,2+ total bases,1.5,228,0.3049,,,,5.0,WATCHLIST,"Price captured, but no player Statcast/pitch-type/fair-probability model in this artifact; not a bet.","official lineup/spot, current price, and fair-probability model",rotowire_props_two_way,2026-05-01
265,Rafael Marchan,unavailable,PHI@MIA,2+ total bases,1.5,230,0.303,,,,5.0,WATCHLIST,"Price captured, but no player Statcast/pitch-type/fair-probability model in this artifact; not a bet.","official lineup/spot, current price, and fair-probability model",rotowire_props_two_way,2026-05-01
266,Nathan Church,unavailable,LAD@STL,2+ total bases,1.5,230,0.303,,,,5.0,WATCHLIST,"Price captured, but no player Statcast/pitch-type/fair-probability model in this artifact; not a bet.","official lineup/spot, current price, and fair-probability model",rotowire_props_two_way,2026-05-01
267,Dansby Swanson,unavailable,AZ@CHC,2+ total bases,1.5,230,0.303,,,,5.0,WATCHLIST,"Price captured, but no player Statcast/pitch-type/fair-probability model in this artifact; not a bet.","official lineup/spot, current price, and fair-probability model",rotowire_props_two_way,2026-05-01
268,Shay Whitcomb,unavailable,HOU@BOS,2+ total bases,1.5,231,0.3021,,,,5.0,WATCHLIST,"Price captured, but no player Statcast/pitch-type/fair-probability model in this artifact; not a bet.","official lineup/spot, current price, and fair-probability model",rotowire_props_two_way,2026-05-01
269,Edgar Quero,unavailable,CWS@SD,2+ total bases,1.5,235,0.2985,,,,5.0,WATCHLIST,"Price captured, but no player Statcast/pitch-type/fair-probability model in this artifact; not a bet.","official lineup/spot, current price, and fair-probability model",rotowire_props_two_way,2026-05-01
270,Owen Caissie,unavailable,PHI@MIA,2+ total bases,1.5,240,0.2941,,,,5.0,WATCHLIST,"Price captured, but no player Statcast/pitch-type/fair-probability model in this artifact; not a bet.","official lineup/spot, current price, and fair-probability model",rotowire_props_two_way,2026-05-01
271,Isaac Collins,unavailable,KC@SEA,2+ total bases,1.5,240,0.2941,,,,5.0,WATCHLIST,"Price captured, but no player Statcast/pitch-type/fair-probability model in this artifact; not a bet.","official lineup/spot, current price, and fair-probability model",rotowire_props_two_way,2026-05-01
272,Kyle Isbel,unavailable,KC@SEA,2+ total bases,1.5,240,0.2941,,,,5.0,WATCHLIST,"Price captured, but no player Statcast/pitch-type/fair-probability model in this artifact; not a bet.","official lineup/spot, current price, and fair-probability model",rotowire_props_two_way,2026-05-01
273,Tristan Peters,unavailable,CWS@SD,2+ total bases,1.5,245,0.2899,,,,5.0,WATCHLIST,"Price captured, but no player Statcast/pitch-type/fair-probability model in this artifact; not a bet.","official lineup/spot, current price, and fair-probability model",rotowire_props_two_way,2026-05-01
274,Danny Jansen,unavailable,TEX@DET,2+ total bases,1.5,250,0.2857,,,,5.0,WATCHLIST,"Price captured, but no player Statcast/pitch-type/fair-probability model in this artifact; not a bet.","official lineup/spot, current price, and fair-probability model",rotowire_props_two_way,2026-05-01
275,Jorge Barrosa,unavailable,AZ@CHC,2+ total bases,1.5,250,0.2857,,,,5.0,WATCHLIST,"Price captured, but no player Statcast/pitch-type/fair-probability model in this artifact; not a bet.","official lineup/spot, current price, and fair-probability model",rotowire_props_two_way,2026-05-01
276,Drew Gilbert,unavailable,SF@TB,2+ total bases,1.5,256,0.2809,,,,5.0,WATCHLIST,"Price captured, but no player Statcast/pitch-type/fair-probability model in this artifact; not a bet.","official lineup/spot, current price, and fair-probability model",rotowire_props_two_way,2026-05-01
277,Patrick Bailey,unavailable,SF@TB,2+ total bases,1.5,260,0.2778,,,,5.0,WATCHLIST,"Price captured, but no player Statcast/pitch-type/fair-probability model in this artifact; not a bet.","official lineup/spot, current price, and fair-probability model",rotowire_props_two_way,2026-05-01
278,Jorbit Vivas,unavailable,MIL@WSH,2+ total bases,1.5,268,0.2717,,,,5.0,WATCHLIST,"Price captured, but no player Statcast/pitch-type/fair-probability model in this artifact; not a bet.","official lineup/spot, current price, and fair-probability model",rotowire_props_two_way,2026-05-01
279,Nasim Nunez,unavailable,MIL@WSH,2+ total bases,1.5,274,0.2674,,,,5.0,WATCHLIST,"Price captured, but no player Statcast/pitch-type/fair-probability model in this artifact; not a bet.","official lineup/spot, current price, and fair-probability model",rotowire_props_two_way,2026-05-01
280,Graham Pauley,unavailable,PHI@MIA,2+ total bases,1.5,275,0.2667,,,,5.0,WATCHLIST,"Price captured, but no player Statcast/pitch-type/fair-probability model in this artifact; not a bet.","official lineup/spot, current price, and fair-probability model",rotowire_props_two_way,2026-05-01
281,Victor Scott,unavailable,LAD@STL,2+ total bases,1.5,282,0.2618,,,,5.0,WATCHLIST,"Price captured, but no player Statcast/pitch-type/fair-probability model in this artifact; not a bet.","official lineup/spot, current price, and fair-probability model",rotowire_props_two_way,2026-05-01
282,Taylor Walls,unavailable,SF@TB,2+ total bases,1.5,300,0.25,,,,5.0,WATCHLIST,"Price captured, but no player Statcast/pitch-type/fair-probability model in this artifact; not a bet.","official lineup/spot, current price, and fair-probability model",rotowire_props_two_way,2026-05-01
283,Leo Rivas,unavailable,KC@SEA,2+ total bases,1.5,300,0.25,,,,5.0,WATCHLIST,"Price captured, but no player Statcast/pitch-type/fair-probability model in this artifact; not a bet.","official lineup/spot, current price, and fair-probability model",rotowire_props_two_way,2026-05-01
284,Carlos Correa,unavailable,HOU@BOS,2+ total bases,1.5,-1,0.0099,,,,5.0,WATCHLIST,"Price captured, but no player Statcast/pitch-type/fair-probability model in this artifact; not a bet.","official lineup/spot, current price, and fair-probability model",rotowire_props_two_way,2026-05-01
