rank,player,team,game,lineup_spot,hr_odds,implied_probability,estimated_hr_probability,fair_odds,edge_pct,weather_park,pitch_type_matchup,confidence,recommendation,unit_size,short_reasoning,source,last_update
1,Aaron Judge,unavailable,BAL@NYY,unavailable,217,0.3155,,,,neutral/mild,unavailable: pitch-type data not fetched in artifact-only run,5.0,WATCHLIST,0.0,"HR price captured, but fair probability is unavailable without Statcast/pitch-type and confirmed lineup context; not a bet.",draftkings,2026-05-01
2,Munetaka Murakami,unavailable,CWS@SD,unavailable,256,0.2809,,,,neutral/mild,unavailable: pitch-type data not fetched in artifact-only run,5.0,WATCHLIST,0.0,"HR price captured, but fair probability is unavailable without Statcast/pitch-type and confirmed lineup context; not a bet.",draftkings,2026-05-01
3,Matt Olson,unavailable,ATL@COL,unavailable,279,0.2639,,,,neutral/mild,unavailable: pitch-type data not fetched in artifact-only run,5.0,WATCHLIST,0.0,"HR price captured, but fair probability is unavailable without Statcast/pitch-type and confirmed lineup context; not a bet.",draftkings,2026-05-01
4,Kyle Schwarber,unavailable,PHI@MIA,unavailable,284,0.2604,,,,neutral/mild,unavailable: pitch-type data not fetched in artifact-only run,5.0,WATCHLIST,0.0,"HR price captured, but fair probability is unavailable without Statcast/pitch-type and confirmed lineup context; not a bet.",draftkings,2026-05-01
5,Juan Soto,unavailable,NYM@LAA,unavailable,294,0.2538,,,,neutral/mild,unavailable: pitch-type data not fetched in artifact-only run,5.0,WATCHLIST,0.0,"HR price captured, but fair probability is unavailable without Statcast/pitch-type and confirmed lineup context; not a bet.",draftkings,2026-05-01
6,Mike Trout,unavailable,NYM@LAA,unavailable,297,0.2519,,,,neutral/mild,unavailable: pitch-type data not fetched in artifact-only run,5.0,WATCHLIST,0.0,"HR price captured, but fair probability is unavailable without Statcast/pitch-type and confirmed lineup context; not a bet.",draftkings,2026-05-01
7,Ben Rice,unavailable,BAL@NYY,unavailable,304,0.2475,,,,neutral/mild,unavailable: pitch-type data not fetched in artifact-only run,5.0,WATCHLIST,0.0,"HR price captured, but fair probability is unavailable without Statcast/pitch-type and confirmed lineup context; not a bet.",draftkings,2026-05-01
8,Shohei Ohtani,unavailable,LAD@STL,unavailable,308,0.2451,,,,neutral/mild,unavailable: pitch-type data not fetched in artifact-only run,5.0,WATCHLIST,0.0,"HR price captured, but fair probability is unavailable without Statcast/pitch-type and confirmed lineup context; not a bet.",draftkings,2026-05-01
9,Shea Langeliers,unavailable,CLE@A'S,unavailable,320,0.2381,,,,unavailable,unavailable: pitch-type data not fetched in artifact-only run,5.0,WATCHLIST,0.0,"HR price captured, but fair probability is unavailable without Statcast/pitch-type and confirmed lineup context; not a bet.",draftkings,2026-05-01
10,Cal Raleigh,unavailable,KC@SEA,unavailable,321,0.2375,,,,neutral/mild,unavailable: pitch-type data not fetched in artifact-only run,5.0,WATCHLIST,0.0,"HR price captured, but fair probability is unavailable without Statcast/pitch-type and confirmed lineup context; not a bet.",draftkings,2026-05-01
11,Junior Caminero,unavailable,SF@TB,unavailable,337,0.2288,,,,neutral dome,unavailable: pitch-type data not fetched in artifact-only run,5.0,WATCHLIST,0.0,"HR price captured, but fair probability is unavailable without Statcast/pitch-type and confirmed lineup context; not a bet.",draftkings,2026-05-01
12,Jose Ramirez,unavailable,CLE@A'S,unavailable,337,0.2288,,,,unavailable,unavailable: pitch-type data not fetched in artifact-only run,5.0,WATCHLIST,0.0,"HR price captured, but fair probability is unavailable without Statcast/pitch-type and confirmed lineup context; not a bet.",draftkings,2026-05-01
13,Byron Buxton,unavailable,TOR@MIN,unavailable,340,0.2273,,,,neutral/mild,unavailable: pitch-type data not fetched in artifact-only run,5.0,WATCHLIST,0.0,"HR price captured, but fair probability is unavailable without Statcast/pitch-type and confirmed lineup context; not a bet.",draftkings,2026-05-01
14,Hunter Goodman,unavailable,ATL@COL,unavailable,342,0.2262,,,,neutral/mild,unavailable: pitch-type data not fetched in artifact-only run,5.0,WATCHLIST,0.0,"HR price captured, but fair probability is unavailable without Statcast/pitch-type and confirmed lineup context; not a bet.",draftkings,2026-05-01
15,Yordan Alvarez,unavailable,HOU@BOS,unavailable,346,0.2242,,,,neutral/mild,unavailable: pitch-type data not fetched in artifact-only run,5.0,WATCHLIST,0.0,"HR price captured, but fair probability is unavailable without Statcast/pitch-type and confirmed lineup context; not a bet.",draftkings,2026-05-01
16,Jose Ramirez,unavailable,CLE@ATH,unavailable,350,0.2222,,,,neutral/mild,unavailable: pitch-type data not fetched in artifact-only run,5.0,WATCHLIST,0.0,"HR price captured, but fair probability is unavailable without Statcast/pitch-type and confirmed lineup context; not a bet.",rotowire_props_yes_only,2026-05-01
17,Austin Riley,unavailable,ATL@COL,unavailable,351,0.2217,,,,neutral/mild,unavailable: pitch-type data not fetched in artifact-only run,5.0,WATCHLIST,0.0,"HR price captured, but fair probability is unavailable without Statcast/pitch-type and confirmed lineup context; not a bet.",draftkings,2026-05-01
18,James Wood,unavailable,MIL@WAS,unavailable,359,0.2179,,,,unavailable,unavailable: pitch-type data not fetched in artifact-only run,5.0,WATCHLIST,0.0,"HR price captured, but fair probability is unavailable without Statcast/pitch-type and confirmed lineup context; not a bet.",draftkings,2026-05-01
19,Ronald Acuna Jr.,unavailable,ATL@COL,unavailable,369,0.2132,,,,neutral/mild,unavailable: pitch-type data not fetched in artifact-only run,5.0,WATCHLIST,0.0,"HR price captured, but fair probability is unavailable without Statcast/pitch-type and confirmed lineup context; not a bet.",draftkings,2026-05-01
20,Colson Montgomery,unavailable,CWS@SD,unavailable,378,0.2092,,,,neutral/mild,unavailable: pitch-type data not fetched in artifact-only run,5.0,WATCHLIST,0.0,"HR price captured, but fair probability is unavailable without Statcast/pitch-type and confirmed lineup context; not a bet.",draftkings,2026-05-01
21,MJ Melendez,unavailable,NYM@LAA,unavailable,382,0.2075,,,,neutral/mild,unavailable: pitch-type data not fetched in artifact-only run,5.0,WATCHLIST,0.0,"HR price captured, but fair probability is unavailable without Statcast/pitch-type and confirmed lineup context; not a bet.",draftkings,2026-05-01
22,Nick Kurtz,unavailable,CLE@A'S,unavailable,382,0.2075,,,,unavailable,unavailable: pitch-type data not fetched in artifact-only run,5.0,WATCHLIST,0.0,"HR price captured, but fair probability is unavailable without Statcast/pitch-type and confirmed lineup context; not a bet.",draftkings,2026-05-01
23,Oneil Cruz,unavailable,CIN@PIT,unavailable,390,0.2041,,,,weather delay risk,unavailable: pitch-type data not fetched in artifact-only run,5.0,WATCHLIST,0.0,"HR price captured, but fair probability is unavailable without Statcast/pitch-type and confirmed lineup context; not a bet.",draftkings,2026-05-01
24,Fernando Tatis Jr.,unavailable,CWS@SD,unavailable,396,0.2016,,,,neutral/mild,unavailable: pitch-type data not fetched in artifact-only run,5.0,WATCHLIST,0.0,"HR price captured, but fair probability is unavailable without Statcast/pitch-type and confirmed lineup context; not a bet.",draftkings,2026-05-01
25,Jake Bauers,unavailable,MIL@WSH,unavailable,400,0.2,,,,neutral/mild,unavailable: pitch-type data not fetched in artifact-only run,5.0,WATCHLIST,0.0,"HR price captured, but fair probability is unavailable without Statcast/pitch-type and confirmed lineup context; not a bet.",rotowire_props_yes_only,2026-05-01
26,Mickey Moniak,unavailable,ATL@COL,unavailable,400,0.2,,,,neutral/mild,unavailable: pitch-type data not fetched in artifact-only run,5.0,WATCHLIST,0.0,"HR price captured, but fair probability is unavailable without Statcast/pitch-type and confirmed lineup context; not a bet.",draftkings,2026-05-01
27,Corey Seager,unavailable,TEX@DET,unavailable,402,0.1992,,,,neutral/mild,unavailable: pitch-type data not fetched in artifact-only run,5.0,WATCHLIST,0.0,"HR price captured, but fair probability is unavailable without Statcast/pitch-type and confirmed lineup context; not a bet.",draftkings,2026-05-01
28,Willson Contreras,unavailable,HOU@BOS,unavailable,407,0.1972,,,,neutral/mild,unavailable: pitch-type data not fetched in artifact-only run,5.0,WATCHLIST,0.0,"HR price captured, but fair probability is unavailable without Statcast/pitch-type and confirmed lineup context; not a bet.",draftkings,2026-05-01
29,Kyle Stowers,unavailable,PHI@MIA,unavailable,410,0.1961,,,,neutral/mild,unavailable: pitch-type data not fetched in artifact-only run,5.0,WATCHLIST,0.0,"HR price captured, but fair probability is unavailable without Statcast/pitch-type and confirmed lineup context; not a bet.",draftkings,2026-05-01
30,Brent Rooker,unavailable,CLE@A'S,unavailable,411,0.1957,,,,unavailable,unavailable: pitch-type data not fetched in artifact-only run,5.0,WATCHLIST,0.0,"HR price captured, but fair probability is unavailable without Statcast/pitch-type and confirmed lineup context; not a bet.",draftkings,2026-05-01
31,Bryce Harper,unavailable,PHI@MIA,unavailable,412,0.1953,,,,neutral/mild,unavailable: pitch-type data not fetched in artifact-only run,5.0,WATCHLIST,0.0,"HR price captured, but fair probability is unavailable without Statcast/pitch-type and confirmed lineup context; not a bet.",draftkings,2026-05-01
32,Gary Sanchez,unavailable,MIL@WSH,unavailable,420,0.1923,,,,neutral/mild,unavailable: pitch-type data not fetched in artifact-only run,5.0,WATCHLIST,0.0,"HR price captured, but fair probability is unavailable without Statcast/pitch-type and confirmed lineup context; not a bet.",rotowire_props_yes_only,2026-05-01
33,Jake Bauers,unavailable,MIL@WAS,unavailable,420,0.1923,,,,unavailable,unavailable: pitch-type data not fetched in artifact-only run,5.0,WATCHLIST,0.0,"HR price captured, but fair probability is unavailable without Statcast/pitch-type and confirmed lineup context; not a bet.",draftkings,2026-05-01
34,Heliot Ramos,unavailable,SF@TB,unavailable,433,0.1876,,,,neutral dome,unavailable: pitch-type data not fetched in artifact-only run,5.0,WATCHLIST,0.0,"HR price captured, but fair probability is unavailable without Statcast/pitch-type and confirmed lineup context; not a bet.",draftkings,2026-05-01
35,Manny Machado,unavailable,CWS@SD,unavailable,434,0.1873,,,,neutral/mild,unavailable: pitch-type data not fetched in artifact-only run,5.0,WATCHLIST,0.0,"HR price captured, but fair probability is unavailable without Statcast/pitch-type and confirmed lineup context; not a bet.",draftkings,2026-05-01
36,Bobby Witt Jr.,unavailable,KC@SEA,unavailable,443,0.1842,,,,neutral/mild,unavailable: pitch-type data not fetched in artifact-only run,5.0,WATCHLIST,0.0,"HR price captured, but fair probability is unavailable without Statcast/pitch-type and confirmed lineup context; not a bet.",draftkings,2026-05-01
37,Max Muncy (LAD),unavailable,LAD@STL,unavailable,445,0.1835,,,,neutral/mild,unavailable: pitch-type data not fetched in artifact-only run,5.0,WATCHLIST,0.0,"HR price captured, but fair probability is unavailable without Statcast/pitch-type and confirmed lineup context; not a bet.",draftkings,2026-05-01
38,Vladimir Guerrero Jr.,unavailable,TOR@MIN,unavailable,453,0.1808,,,,neutral/mild,unavailable: pitch-type data not fetched in artifact-only run,5.0,WATCHLIST,0.0,"HR price captured, but fair probability is unavailable without Statcast/pitch-type and confirmed lineup context; not a bet.",draftkings,2026-05-01
39,Brandon Lowe,unavailable,CIN@PIT,unavailable,454,0.1805,,,,weather delay risk,unavailable: pitch-type data not fetched in artifact-only run,5.0,WATCHLIST,0.0,"HR price captured, but fair probability is unavailable without Statcast/pitch-type and confirmed lineup context; not a bet.",draftkings,2026-05-01
40,Kyle Manzardo,unavailable,CLE@ATH,unavailable,455,0.1802,,,,neutral/mild,unavailable: pitch-type data not fetched in artifact-only run,5.0,WATCHLIST,0.0,"HR price captured, but fair probability is unavailable without Statcast/pitch-type and confirmed lineup context; not a bet.",rotowire_props_yes_only,2026-05-01
41,Daulton Varsho,unavailable,TOR@MIN,unavailable,457,0.1795,,,,neutral/mild,unavailable: pitch-type data not fetched in artifact-only run,5.0,WATCHLIST,0.0,"HR price captured, but fair probability is unavailable without Statcast/pitch-type and confirmed lineup context; not a bet.",draftkings,2026-05-01
42,Jorge Soler,unavailable,NYM@LAA,unavailable,457,0.1795,,,,neutral/mild,unavailable: pitch-type data not fetched in artifact-only run,5.0,WATCHLIST,0.0,"HR price captured, but fair probability is unavailable without Statcast/pitch-type and confirmed lineup context; not a bet.",draftkings,2026-05-01
43,Carter Jensen,unavailable,KC@SEA,unavailable,457,0.1795,,,,neutral/mild,unavailable: pitch-type data not fetched in artifact-only run,5.0,WATCHLIST,0.0,"HR price captured, but fair probability is unavailable without Statcast/pitch-type and confirmed lineup context; not a bet.",draftkings,2026-05-01
44,Wilyer Abreu,unavailable,HOU@BOS,unavailable,458,0.1792,,,,neutral/mild,unavailable: pitch-type data not fetched in artifact-only run,5.0,WATCHLIST,0.0,"HR price captured, but fair probability is unavailable without Statcast/pitch-type and confirmed lineup context; not a bet.",draftkings,2026-05-01
45,Drake Baldwin,unavailable,ATL@COL,unavailable,458,0.1792,,,,neutral/mild,unavailable: pitch-type data not fetched in artifact-only run,5.0,WATCHLIST,0.0,"HR price captured, but fair probability is unavailable without Statcast/pitch-type and confirmed lineup context; not a bet.",draftkings,2026-05-01
46,Jonah Heim,unavailable,ATL@COL,unavailable,460,0.1786,,,,neutral/mild,unavailable: pitch-type data not fetched in artifact-only run,5.0,WATCHLIST,0.0,"HR price captured, but fair probability is unavailable without Statcast/pitch-type and confirmed lineup context; not a bet.",draftkings,2026-05-01
47,Miguel Vargas,unavailable,CWS@SD,unavailable,461,0.1783,,,,neutral/mild,unavailable: pitch-type data not fetched in artifact-only run,5.0,WATCHLIST,0.0,"HR price captured, but fair probability is unavailable without Statcast/pitch-type and confirmed lineup context; not a bet.",draftkings,2026-05-01
48,Kyle Manzardo,unavailable,CLE@A'S,unavailable,462,0.1779,,,,unavailable,unavailable: pitch-type data not fetched in artifact-only run,5.0,WATCHLIST,0.0,"HR price captured, but fair probability is unavailable without Statcast/pitch-type and confirmed lineup context; not a bet.",draftkings,2026-05-01
49,Elly De La Cruz,unavailable,CIN@PIT,unavailable,463,0.1776,,,,weather delay risk,unavailable: pitch-type data not fetched in artifact-only run,5.0,WATCHLIST,0.0,"HR price captured, but fair probability is unavailable without Statcast/pitch-type and confirmed lineup context; not a bet.",draftkings,2026-05-01
50,Zach Neto,unavailable,NYM@LAA,unavailable,463,0.1776,,,,neutral/mild,unavailable: pitch-type data not fetched in artifact-only run,5.0,WATCHLIST,0.0,"HR price captured, but fair probability is unavailable without Statcast/pitch-type and confirmed lineup context; not a bet.",draftkings,2026-05-01
51,Christian Walker,unavailable,HOU@BOS,unavailable,464,0.1773,,,,neutral/mild,unavailable: pitch-type data not fetched in artifact-only run,5.0,WATCHLIST,0.0,"HR price captured, but fair probability is unavailable without Statcast/pitch-type and confirmed lineup context; not a bet.",draftkings,2026-05-01
52,George Springer,unavailable,TOR@MIN,unavailable,464,0.1773,,,,neutral/mild,unavailable: pitch-type data not fetched in artifact-only run,5.0,WATCHLIST,0.0,"HR price captured, but fair probability is unavailable without Statcast/pitch-type and confirmed lineup context; not a bet.",draftkings,2026-05-01
53,Chase DeLauter,unavailable,CLE@ATH,unavailable,466,0.1767,,,,neutral/mild,unavailable: pitch-type data not fetched in artifact-only run,5.0,WATCHLIST,0.0,"HR price captured, but fair probability is unavailable without Statcast/pitch-type and confirmed lineup context; not a bet.",rotowire_props_yes_only,2026-05-01
54,Amed Rosario,unavailable,BAL@NYY,unavailable,468,0.1761,,,,neutral/mild,unavailable: pitch-type data not fetched in artifact-only run,5.0,WATCHLIST,0.0,"HR price captured, but fair probability is unavailable without Statcast/pitch-type and confirmed lineup context; not a bet.",draftkings,2026-05-01
55,Max Muncy,unavailable,LAD@STL,unavailable,468,0.1761,,,,neutral/mild,unavailable: pitch-type data not fetched in artifact-only run,5.0,WATCHLIST,0.0,"HR price captured, but fair probability is unavailable without Statcast/pitch-type and confirmed lineup context; not a bet.",rotowire_props_yes_only,2026-05-01
56,Jo Adell,unavailable,NYM@LAA,unavailable,468,0.1761,,,,neutral/mild,unavailable: pitch-type data not fetched in artifact-only run,5.0,WATCHLIST,0.0,"HR price captured, but fair probability is unavailable without Statcast/pitch-type and confirmed lineup context; not a bet.",draftkings,2026-05-01
57,Vinnie Pasquantino,unavailable,KC@SEA,unavailable,472,0.1748,,,,neutral/mild,unavailable: pitch-type data not fetched in artifact-only run,5.0,WATCHLIST,0.0,"HR price captured, but fair probability is unavailable without Statcast/pitch-type and confirmed lineup context; not a bet.",draftkings,2026-05-01
58,Michael Harris,unavailable,ATL@COL,unavailable,475,0.1739,,,,neutral/mild,unavailable: pitch-type data not fetched in artifact-only run,5.0,WATCHLIST,0.0,"HR price captured, but fair probability is unavailable without Statcast/pitch-type and confirmed lineup context; not a bet.",rotowire_props_yes_only,2026-05-01
59,Jac Caglianone,unavailable,KC@SEA,unavailable,475,0.1739,,,,neutral/mild,unavailable: pitch-type data not fetched in artifact-only run,5.0,WATCHLIST,0.0,"HR price captured, but fair probability is unavailable without Statcast/pitch-type and confirmed lineup context; not a bet.",draftkings,2026-05-01
60,Chase DeLauter,unavailable,CLE@A'S,unavailable,475,0.1739,,,,unavailable,unavailable: pitch-type data not fetched in artifact-only run,5.0,WATCHLIST,0.0,"HR price captured, but fair probability is unavailable without Statcast/pitch-type and confirmed lineup context; not a bet.",draftkings,2026-05-01
61,Rafael Devers,unavailable,SF@TB,unavailable,476,0.1736,,,,neutral dome,unavailable: pitch-type data not fetched in artifact-only run,5.0,WATCHLIST,0.0,"HR price captured, but fair probability is unavailable without Statcast/pitch-type and confirmed lineup context; not a bet.",draftkings,2026-05-01
62,Eli White,unavailable,ATL@COL,unavailable,481,0.1721,,,,neutral/mild,unavailable: pitch-type data not fetched in artifact-only run,5.0,WATCHLIST,0.0,"HR price captured, but fair probability is unavailable without Statcast/pitch-type and confirmed lineup context; not a bet.",draftkings,2026-05-01
63,Pete Alonso,unavailable,BAL@NYY,unavailable,482,0.1718,,,,neutral/mild,unavailable: pitch-type data not fetched in artifact-only run,5.0,WATCHLIST,0.0,"HR price captured, but fair probability is unavailable without Statcast/pitch-type and confirmed lineup context; not a bet.",draftkings,2026-05-01
64,Gunnar Henderson,unavailable,BAL@NYY,unavailable,484,0.1712,,,,neutral/mild,unavailable: pitch-type data not fetched in artifact-only run,5.0,WATCHLIST,0.0,"HR price captured, but fair probability is unavailable without Statcast/pitch-type and confirmed lineup context; not a bet.",draftkings,2026-05-01
65,Casey Schmitt,unavailable,SF@TB,unavailable,487,0.1704,,,,neutral dome,unavailable: pitch-type data not fetched in artifact-only run,5.0,WATCHLIST,0.0,"HR price captured, but fair probability is unavailable without Statcast/pitch-type and confirmed lineup context; not a bet.",draftkings,2026-05-01
66,Yandy Diaz,unavailable,SF@TB,unavailable,488,0.1701,,,,neutral dome,unavailable: pitch-type data not fetched in artifact-only run,5.0,WATCHLIST,0.0,"HR price captured, but fair probability is unavailable without Statcast/pitch-type and confirmed lineup context; not a bet.",draftkings,2026-05-01
67,William Contreras,unavailable,MIL@WAS,unavailable,489,0.1698,,,,unavailable,unavailable: pitch-type data not fetched in artifact-only run,5.0,WATCHLIST,0.0,"HR price captured, but fair probability is unavailable without Statcast/pitch-type and confirmed lineup context; not a bet.",draftkings,2026-05-01
68,Ozzie Albies,unavailable,ATL@COL,unavailable,493,0.1686,,,,neutral/mild,unavailable: pitch-type data not fetched in artifact-only run,5.0,WATCHLIST,0.0,"HR price captured, but fair probability is unavailable without Statcast/pitch-type and confirmed lineup context; not a bet.",draftkings,2026-05-01
69,William Contreras,unavailable,MIL@WSH,unavailable,495,0.1681,,,,neutral/mild,unavailable: pitch-type data not fetched in artifact-only run,5.0,WATCHLIST,0.0,"HR price captured, but fair probability is unavailable without Statcast/pitch-type and confirmed lineup context; not a bet.",rotowire_props_yes_only,2026-05-01
70,Jahmai Jones,unavailable,TEX@DET,unavailable,499,0.1669,,,,neutral/mild,unavailable: pitch-type data not fetched in artifact-only run,5.0,WATCHLIST,0.0,"HR price captured, but fair probability is unavailable without Statcast/pitch-type and confirmed lineup context; not a bet.",draftkings,2026-05-01
71,Bo Naylor,unavailable,CLE@A'S,unavailable,501,0.1664,,,,unavailable,unavailable: pitch-type data not fetched in artifact-only run,5.0,WATCHLIST,0.0,"HR price captured, but fair probability is unavailable without Statcast/pitch-type and confirmed lineup context; not a bet.",draftkings,2026-05-01
72,Yoan Moncada,unavailable,NYM@LAA,unavailable,502,0.1661,,,,neutral/mild,unavailable: pitch-type data not fetched in artifact-only run,5.0,WATCHLIST,0.0,"HR price captured, but fair probability is unavailable without Statcast/pitch-type and confirmed lineup context; not a bet.",draftkings,2026-05-01
73,Randy Arozarena,unavailable,KC@SEA,unavailable,502,0.1661,,,,neutral/mild,unavailable: pitch-type data not fetched in artifact-only run,5.0,WATCHLIST,0.0,"HR price captured, but fair probability is unavailable without Statcast/pitch-type and confirmed lineup context; not a bet.",draftkings,2026-05-01
74,Teoscar Hernandez,unavailable,LAD@STL,unavailable,504,0.1656,,,,neutral/mild,unavailable: pitch-type data not fetched in artifact-only run,5.0,WATCHLIST,0.0,"HR price captured, but fair probability is unavailable without Statcast/pitch-type and confirmed lineup context; not a bet.",draftkings,2026-05-01
75,Paul Goldschmidt,unavailable,BAL@NYY,unavailable,508,0.1645,,,,neutral/mild,unavailable: pitch-type data not fetched in artifact-only run,5.0,WATCHLIST,0.0,"HR price captured, but fair probability is unavailable without Statcast/pitch-type and confirmed lineup context; not a bet.",draftkings,2026-05-01
76,Bo Naylor,unavailable,CLE@ATH,unavailable,508,0.1645,,,,neutral/mild,unavailable: pitch-type data not fetched in artifact-only run,5.0,WATCHLIST,0.0,"HR price captured, but fair probability is unavailable without Statcast/pitch-type and confirmed lineup context; not a bet.",rotowire_props_yes_only,2026-05-01
77,Ramon Laureano,unavailable,CWS@SD,unavailable,515,0.1626,,,,neutral/mild,unavailable: pitch-type data not fetched in artifact-only run,5.0,WATCHLIST,0.0,"HR price captured, but fair probability is unavailable without Statcast/pitch-type and confirmed lineup context; not a bet.",draftkings,2026-05-01
78,Joc Pederson,unavailable,TEX@DET,unavailable,516,0.1623,,,,neutral/mild,unavailable: pitch-type data not fetched in artifact-only run,5.0,WATCHLIST,0.0,"HR price captured, but fair probability is unavailable without Statcast/pitch-type and confirmed lineup context; not a bet.",draftkings,2026-05-01
79,Andrew Benintendi,unavailable,CWS@SD,unavailable,517,0.1621,,,,neutral/mild,unavailable: pitch-type data not fetched in artifact-only run,5.0,WATCHLIST,0.0,"HR price captured, but fair probability is unavailable without Statcast/pitch-type and confirmed lineup context; not a bet.",draftkings,2026-05-01
80,Cody Bellinger,unavailable,BAL@NYY,unavailable,520,0.1613,,,,neutral/mild,unavailable: pitch-type data not fetched in artifact-only run,5.0,WATCHLIST,0.0,"HR price captured, but fair probability is unavailable without Statcast/pitch-type and confirmed lineup context; not a bet.",draftkings,2026-05-01
81,Sal Stewart,unavailable,CIN@PIT,unavailable,522,0.1608,,,,weather delay risk,unavailable: pitch-type data not fetched in artifact-only run,5.0,WATCHLIST,0.0,"HR price captured, but fair probability is unavailable without Statcast/pitch-type and confirmed lineup context; not a bet.",draftkings,2026-05-01
82,Francisco Alvarez,unavailable,NYM@LAA,unavailable,522,0.1608,,,,neutral/mild,unavailable: pitch-type data not fetched in artifact-only run,5.0,WATCHLIST,0.0,"HR price captured, but fair probability is unavailable without Statcast/pitch-type and confirmed lineup context; not a bet.",draftkings,2026-05-01
83,Adolis Garcia,unavailable,PHI@MIA,unavailable,524,0.1603,,,,neutral/mild,unavailable: pitch-type data not fetched in artifact-only run,5.0,WATCHLIST,0.0,"HR price captured, but fair probability is unavailable without Statcast/pitch-type and confirmed lineup context; not a bet.",draftkings,2026-05-01
84,Mitch Garver,unavailable,KC@SEA,unavailable,524,0.1603,,,,neutral/mild,unavailable: pitch-type data not fetched in artifact-only run,5.0,WATCHLIST,0.0,"HR price captured, but fair probability is unavailable without Statcast/pitch-type and confirmed lineup context; not a bet.",draftkings,2026-05-01
85,Spencer Torkelson,unavailable,TEX@DET,unavailable,525,0.16,,,,neutral/mild,unavailable: pitch-type data not fetched in artifact-only run,5.0,WATCHLIST,0.0,"HR price captured, but fair probability is unavailable without Statcast/pitch-type and confirmed lineup context; not a bet.",draftkings,2026-05-01
86,Garrett Mitchell,unavailable,MIL@WSH,unavailable,525,0.16,,,,neutral/mild,unavailable: pitch-type data not fetched in artifact-only run,5.0,WATCHLIST,0.0,"HR price captured, but fair probability is unavailable without Statcast/pitch-type and confirmed lineup context; not a bet.",rotowire_props_yes_only,2026-05-01
87,Tyler Soderstrom,unavailable,CLE@A'S,unavailable,528,0.1592,,,,unavailable,unavailable: pitch-type data not fetched in artifact-only run,5.0,WATCHLIST,0.0,"HR price captured, but fair probability is unavailable without Statcast/pitch-type and confirmed lineup context; not a bet.",draftkings,2026-05-01
88,Garrett Mitchell,unavailable,MIL@WAS,unavailable,529,0.159,,,,unavailable,unavailable: pitch-type data not fetched in artifact-only run,5.0,WATCHLIST,0.0,"HR price captured, but fair probability is unavailable without Statcast/pitch-type and confirmed lineup context; not a bet.",draftkings,2026-05-01
89,Will Smith (LAD),unavailable,LAD@STL,unavailable,531,0.1585,,,,neutral/mild,unavailable: pitch-type data not fetched in artifact-only run,5.0,WATCHLIST,0.0,"HR price captured, but fair probability is unavailable without Statcast/pitch-type and confirmed lineup context; not a bet.",draftkings,2026-05-01
90,Brice Turang,unavailable,MIL@WAS,unavailable,532,0.1582,,,,unavailable,unavailable: pitch-type data not fetched in artifact-only run,5.0,WATCHLIST,0.0,"HR price captured, but fair probability is unavailable without Statcast/pitch-type and confirmed lineup context; not a bet.",draftkings,2026-05-01
91,Seiya Suzuki,unavailable,AZ@CHC,unavailable,534,0.1577,,,,neutral/mild,unavailable: pitch-type data not fetched in artifact-only run,5.0,WATCHLIST,0.0,"HR price captured, but fair probability is unavailable without Statcast/pitch-type and confirmed lineup context; not a bet.",draftkings,2026-05-01
92,Will Smith,unavailable,LAD@STL,unavailable,540,0.1562,,,,neutral/mild,unavailable: pitch-type data not fetched in artifact-only run,5.0,WATCHLIST,0.0,"HR price captured, but fair probability is unavailable without Statcast/pitch-type and confirmed lineup context; not a bet.",rotowire_props_yes_only,2026-05-01
93,Michael Massey,unavailable,KC@SEA,unavailable,540,0.1562,,,,neutral/mild,unavailable: pitch-type data not fetched in artifact-only run,5.0,WATCHLIST,0.0,"HR price captured, but fair probability is unavailable without Statcast/pitch-type and confirmed lineup context; not a bet.",draftkings,2026-05-01
94,Salvador Perez,unavailable,KC@SEA,unavailable,542,0.1558,,,,neutral/mild,unavailable: pitch-type data not fetched in artifact-only run,5.0,WATCHLIST,0.0,"HR price captured, but fair probability is unavailable without Statcast/pitch-type and confirmed lineup context; not a bet.",draftkings,2026-05-01
95,Samuel Basallo,unavailable,BAL@NYY,unavailable,545,0.155,,,,neutral/mild,unavailable: pitch-type data not fetched in artifact-only run,5.0,WATCHLIST,0.0,"HR price captured, but fair probability is unavailable without Statcast/pitch-type and confirmed lineup context; not a bet.",draftkings,2026-05-01
96,Isaac Paredes,unavailable,HOU@BOS,unavailable,545,0.155,,,,neutral/mild,unavailable: pitch-type data not fetched in artifact-only run,5.0,WATCHLIST,0.0,"HR price captured, but fair probability is unavailable without Statcast/pitch-type and confirmed lineup context; not a bet.",draftkings,2026-05-01
97,Rob Refsnyder,unavailable,KC@SEA,unavailable,545,0.155,,,,neutral/mild,unavailable: pitch-type data not fetched in artifact-only run,5.0,WATCHLIST,0.0,"HR price captured, but fair probability is unavailable without Statcast/pitch-type and confirmed lineup context; not a bet.",draftkings,2026-05-01
98,Ryan Jeffers,unavailable,TOR@MIN,unavailable,547,0.1546,,,,neutral/mild,unavailable: pitch-type data not fetched in artifact-only run,5.0,WATCHLIST,0.0,"HR price captured, but fair probability is unavailable without Statcast/pitch-type and confirmed lineup context; not a bet.",draftkings,2026-05-01
99,Jesus Sanchez,unavailable,TOR@MIN,unavailable,549,0.1541,,,,neutral/mild,unavailable: pitch-type data not fetched in artifact-only run,5.0,WATCHLIST,0.0,"HR price captured, but fair probability is unavailable without Statcast/pitch-type and confirmed lineup context; not a bet.",draftkings,2026-05-01
100,Kazuma Okamoto,unavailable,TOR@MIN,unavailable,550,0.1538,,,,neutral/mild,unavailable: pitch-type data not fetched in artifact-only run,5.0,WATCHLIST,0.0,"HR price captured, but fair probability is unavailable without Statcast/pitch-type and confirmed lineup context; not a bet.",draftkings,2026-05-01
101,Brandon Nimmo,unavailable,TEX@DET,unavailable,551,0.1536,,,,neutral/mild,unavailable: pitch-type data not fetched in artifact-only run,5.0,WATCHLIST,0.0,"HR price captured, but fair probability is unavailable without Statcast/pitch-type and confirmed lineup context; not a bet.",draftkings,2026-05-01
102,Colby Thomas,unavailable,CLE@A'S,unavailable,551,0.1536,,,,unavailable,unavailable: pitch-type data not fetched in artifact-only run,5.0,WATCHLIST,0.0,"HR price captured, but fair probability is unavailable without Statcast/pitch-type and confirmed lineup context; not a bet.",draftkings,2026-05-01
103,Carlos Correa,unavailable,HOU@BOS,unavailable,555,0.1527,,,,neutral/mild,unavailable: pitch-type data not fetched in artifact-only run,5.0,WATCHLIST,0.0,"HR price captured, but fair probability is unavailable without Statcast/pitch-type and confirmed lineup context; not a bet.",draftkings,2026-05-01
104,Julio Rodriguez,unavailable,KC@SEA,unavailable,557,0.1522,,,,neutral/mild,unavailable: pitch-type data not fetched in artifact-only run,5.0,WATCHLIST,0.0,"HR price captured, but fair probability is unavailable without Statcast/pitch-type and confirmed lineup context; not a bet.",draftkings,2026-05-01
105,Jake Burger,unavailable,TEX@DET,unavailable,558,0.152,,,,neutral/mild,unavailable: pitch-type data not fetched in artifact-only run,5.0,WATCHLIST,0.0,"HR price captured, but fair probability is unavailable without Statcast/pitch-type and confirmed lineup context; not a bet.",draftkings,2026-05-01
106,Brice Turang,unavailable,MIL@WSH,unavailable,560,0.1515,,,,neutral/mild,unavailable: pitch-type data not fetched in artifact-only run,5.0,WATCHLIST,0.0,"HR price captured, but fair probability is unavailable without Statcast/pitch-type and confirmed lineup context; not a bet.",rotowire_props_yes_only,2026-05-01
107,Daniel Schneemann,unavailable,CLE@ATH,unavailable,560,0.1515,,,,neutral/mild,unavailable: pitch-type data not fetched in artifact-only run,5.0,WATCHLIST,0.0,"HR price captured, but fair probability is unavailable without Statcast/pitch-type and confirmed lineup context; not a bet.",rotowire_props_yes_only,2026-05-01
108,Angel Martinez,unavailable,CLE@ATH,unavailable,562,0.1511,,,,neutral/mild,unavailable: pitch-type data not fetched in artifact-only run,5.0,WATCHLIST,0.0,"HR price captured, but fair probability is unavailable without Statcast/pitch-type and confirmed lineup context; not a bet.",rotowire_props_yes_only,2026-05-01
109,Daniel Schneemann,unavailable,CLE@A'S,unavailable,564,0.1506,,,,unavailable,unavailable: pitch-type data not fetched in artifact-only run,5.0,WATCHLIST,0.0,"HR price captured, but fair probability is unavailable without Statcast/pitch-type and confirmed lineup context; not a bet.",draftkings,2026-05-01
110,Edouard Julien,unavailable,ATL@COL,unavailable,567,0.1499,,,,neutral/mild,unavailable: pitch-type data not fetched in artifact-only run,5.0,WATCHLIST,0.0,"HR price captured, but fair probability is unavailable without Statcast/pitch-type and confirmed lineup context; not a bet.",draftkings,2026-05-01
111,Bryan Reynolds,unavailable,CIN@PIT,unavailable,578,0.1475,,,,weather delay risk,unavailable: pitch-type data not fetched in artifact-only run,5.0,WATCHLIST,0.0,"HR price captured, but fair probability is unavailable without Statcast/pitch-type and confirmed lineup context; not a bet.",draftkings,2026-05-01
112,Mauricio Dubon,unavailable,ATL@COL,unavailable,579,0.1473,,,,neutral/mild,unavailable: pitch-type data not fetched in artifact-only run,5.0,WATCHLIST,0.0,"HR price captured, but fair probability is unavailable without Statcast/pitch-type and confirmed lineup context; not a bet.",draftkings,2026-05-01
113,Josh Lowe,unavailable,NYM@LAA,unavailable,583,0.1464,,,,neutral/mild,unavailable: pitch-type data not fetched in artifact-only run,5.0,WATCHLIST,0.0,"HR price captured, but fair probability is unavailable without Statcast/pitch-type and confirmed lineup context; not a bet.",draftkings,2026-05-01
114,Dillon Dingler,unavailable,TEX@DET,unavailable,585,0.146,,,,neutral/mild,unavailable: pitch-type data not fetched in artifact-only run,5.0,WATCHLIST,0.0,"HR price captured, but fair probability is unavailable without Statcast/pitch-type and confirmed lineup context; not a bet.",draftkings,2026-05-01
115,Matt Chapman,unavailable,SF@TB,unavailable,587,0.1456,,,,neutral dome,unavailable: pitch-type data not fetched in artifact-only run,5.0,WATCHLIST,0.0,"HR price captured, but fair probability is unavailable without Statcast/pitch-type and confirmed lineup context; not a bet.",draftkings,2026-05-01
116,Angel Martinez,unavailable,CLE@A'S,unavailable,591,0.1447,,,,unavailable,unavailable: pitch-type data not fetched in artifact-only run,5.0,WATCHLIST,0.0,"HR price captured, but fair probability is unavailable without Statcast/pitch-type and confirmed lineup context; not a bet.",draftkings,2026-05-01
117,Andy Pages,unavailable,LAD@STL,unavailable,597,0.1435,,,,neutral/mild,unavailable: pitch-type data not fetched in artifact-only run,5.0,WATCHLIST,0.0,"HR price captured, but fair probability is unavailable without Statcast/pitch-type and confirmed lineup context; not a bet.",draftkings,2026-05-01
118,Taylor Ward,unavailable,BAL@NYY,unavailable,598,0.1433,,,,neutral/mild,unavailable: pitch-type data not fetched in artifact-only run,5.0,WATCHLIST,0.0,"HR price captured, but fair probability is unavailable without Statcast/pitch-type and confirmed lineup context; not a bet.",draftkings,2026-05-01
119,Jazz Chisholm,unavailable,BAL@NYY,unavailable,600,0.1429,,,,neutral/mild,unavailable: pitch-type data not fetched in artifact-only run,5.0,WATCHLIST,0.0,"HR price captured, but fair probability is unavailable without Statcast/pitch-type and confirmed lineup context; not a bet.",draftkings,2026-05-01
120,Michael Busch,unavailable,AZ@CHC,unavailable,600,0.1429,,,,neutral/mild,unavailable: pitch-type data not fetched in artifact-only run,5.0,WATCHLIST,0.0,"HR price captured, but fair probability is unavailable without Statcast/pitch-type and confirmed lineup context; not a bet.",draftkings,2026-05-01
121,Brady House,unavailable,MIL@WAS,unavailable,600,0.1429,,,,unavailable,unavailable: pitch-type data not fetched in artifact-only run,5.0,WATCHLIST,0.0,"HR price captured, but fair probability is unavailable without Statcast/pitch-type and confirmed lineup context; not a bet.",draftkings,2026-05-01
122,Matt Wallner,unavailable,TOR@MIN,unavailable,610,0.1408,,,,neutral/mild,unavailable: pitch-type data not fetched in artifact-only run,5.0,WATCHLIST,0.0,"HR price captured, but fair probability is unavailable without Statcast/pitch-type and confirmed lineup context; not a bet.",draftkings,2026-05-01
123,Royce Lewis,unavailable,TOR@MIN,unavailable,610,0.1408,,,,neutral/mild,unavailable: pitch-type data not fetched in artifact-only run,5.0,WATCHLIST,0.0,"HR price captured, but fair probability is unavailable without Statcast/pitch-type and confirmed lineup context; not a bet.",draftkings,2026-05-01
124,Alec Burleson,unavailable,LAD@STL,unavailable,610,0.1408,,,,neutral/mild,unavailable: pitch-type data not fetched in artifact-only run,5.0,WATCHLIST,0.0,"HR price captured, but fair probability is unavailable without Statcast/pitch-type and confirmed lineup context; not a bet.",draftkings,2026-05-01
125,CJ Abrams,unavailable,MIL@WAS,unavailable,610,0.1408,,,,unavailable,unavailable: pitch-type data not fetched in artifact-only run,5.0,WATCHLIST,0.0,"HR price captured, but fair probability is unavailable without Statcast/pitch-type and confirmed lineup context; not a bet.",draftkings,2026-05-01
126,Trea Turner,unavailable,PHI@MIA,unavailable,620,0.1389,,,,neutral/mild,unavailable: pitch-type data not fetched in artifact-only run,5.0,WATCHLIST,0.0,"HR price captured, but fair probability is unavailable without Statcast/pitch-type and confirmed lineup context; not a bet.",draftkings,2026-05-01
127,Jordan Walker,unavailable,LAD@STL,unavailable,620,0.1389,,,,neutral/mild,unavailable: pitch-type data not fetched in artifact-only run,5.0,WATCHLIST,0.0,"HR price captured, but fair probability is unavailable without Statcast/pitch-type and confirmed lineup context; not a bet.",draftkings,2026-05-01
128,Jackson Merrill,unavailable,CWS@SD,unavailable,620,0.1389,,,,neutral/mild,unavailable: pitch-type data not fetched in artifact-only run,5.0,WATCHLIST,0.0,"HR price captured, but fair probability is unavailable without Statcast/pitch-type and confirmed lineup context; not a bet.",draftkings,2026-05-01
129,Ian Happ,unavailable,AZ@CHC,unavailable,620,0.1389,,,,neutral/mild,unavailable: pitch-type data not fetched in artifact-only run,5.0,WATCHLIST,0.0,"HR price captured, but fair probability is unavailable without Statcast/pitch-type and confirmed lineup context; not a bet.",draftkings,2026-05-01
130,Riley Greene,unavailable,TEX@DET,unavailable,630,0.137,,,,neutral/mild,unavailable: pitch-type data not fetched in artifact-only run,5.0,WATCHLIST,0.0,"HR price captured, but fair probability is unavailable without Statcast/pitch-type and confirmed lineup context; not a bet.",draftkings,2026-05-01
131,Willy Adames,unavailable,SF@TB,unavailable,630,0.137,,,,neutral dome,unavailable: pitch-type data not fetched in artifact-only run,5.0,WATCHLIST,0.0,"HR price captured, but fair probability is unavailable without Statcast/pitch-type and confirmed lineup context; not a bet.",draftkings,2026-05-01
132,Jorge Mateo,unavailable,ATL@COL,unavailable,630,0.137,,,,neutral/mild,unavailable: pitch-type data not fetched in artifact-only run,5.0,WATCHLIST,0.0,"HR price captured, but fair probability is unavailable without Statcast/pitch-type and confirmed lineup context; not a bet.",draftkings,2026-05-01
133,Brett Baty,unavailable,NYM@LAA,unavailable,630,0.137,,,,neutral/mild,unavailable: pitch-type data not fetched in artifact-only run,5.0,WATCHLIST,0.0,"HR price captured, but fair probability is unavailable without Statcast/pitch-type and confirmed lineup context; not a bet.",draftkings,2026-05-01
134,Josh Jung,unavailable,TEX@DET,unavailable,640,0.1351,,,,neutral/mild,unavailable: pitch-type data not fetched in artifact-only run,5.0,WATCHLIST,0.0,"HR price captured, but fair probability is unavailable without Statcast/pitch-type and confirmed lineup context; not a bet.",draftkings,2026-05-01
135,Ryan O'Hearn,unavailable,CIN@PIT,unavailable,640,0.1351,,,,weather delay risk,unavailable: pitch-type data not fetched in artifact-only run,5.0,WATCHLIST,0.0,"HR price captured, but fair probability is unavailable without Statcast/pitch-type and confirmed lineup context; not a bet.",draftkings,2026-05-01
136,JJ Bleday,unavailable,CIN@PIT,unavailable,650,0.1333,,,,weather delay risk,unavailable: pitch-type data not fetched in artifact-only run,5.0,WATCHLIST,0.0,"HR price captured, but fair probability is unavailable without Statcast/pitch-type and confirmed lineup context; not a bet.",draftkings,2026-05-01
137,Ceddanne Rafaela,unavailable,HOU@BOS,unavailable,650,0.1333,,,,neutral/mild,unavailable: pitch-type data not fetched in artifact-only run,5.0,WATCHLIST,0.0,"HR price captured, but fair probability is unavailable without Statcast/pitch-type and confirmed lineup context; not a bet.",draftkings,2026-05-01
138,Ronny Mauricio,unavailable,NYM@LAA,unavailable,650,0.1333,,,,neutral/mild,unavailable: pitch-type data not fetched in artifact-only run,5.0,WATCHLIST,0.0,"HR price captured, but fair probability is unavailable without Statcast/pitch-type and confirmed lineup context; not a bet.",draftkings,2026-05-01
139,Nick Castellanos,unavailable,CWS@SD,unavailable,650,0.1333,,,,neutral/mild,unavailable: pitch-type data not fetched in artifact-only run,5.0,WATCHLIST,0.0,"HR price captured, but fair probability is unavailable without Statcast/pitch-type and confirmed lineup context; not a bet.",draftkings,2026-05-01
140,Nolan Gorman,unavailable,LAD@STL,unavailable,660,0.1316,,,,neutral/mild,unavailable: pitch-type data not fetched in artifact-only run,5.0,WATCHLIST,0.0,"HR price captured, but fair probability is unavailable without Statcast/pitch-type and confirmed lineup context; not a bet.",draftkings,2026-05-01
141,Marcus Semien,unavailable,NYM@LAA,unavailable,660,0.1316,,,,neutral/mild,unavailable: pitch-type data not fetched in artifact-only run,5.0,WATCHLIST,0.0,"HR price captured, but fair probability is unavailable without Statcast/pitch-type and confirmed lineup context; not a bet.",draftkings,2026-05-01
142,Jarren Duran,unavailable,HOU@BOS,unavailable,670,0.1299,,,,neutral/mild,unavailable: pitch-type data not fetched in artifact-only run,5.0,WATCHLIST,0.0,"HR price captured, but fair probability is unavailable without Statcast/pitch-type and confirmed lineup context; not a bet.",draftkings,2026-05-01
143,Zack Gelof,unavailable,CLE@A'S,unavailable,670,0.1299,,,,unavailable,unavailable: pitch-type data not fetched in artifact-only run,5.0,WATCHLIST,0.0,"HR price captured, but fair probability is unavailable without Statcast/pitch-type and confirmed lineup context; not a bet.",draftkings,2026-05-01
144,Agustin Ramirez,unavailable,PHI@MIA,unavailable,680,0.1282,,,,neutral/mild,unavailable: pitch-type data not fetched in artifact-only run,5.0,WATCHLIST,0.0,"HR price captured, but fair probability is unavailable without Statcast/pitch-type and confirmed lineup context; not a bet.",draftkings,2026-05-01
145,Josh Bell,unavailable,TOR@MIN,unavailable,680,0.1282,,,,neutral/mild,unavailable: pitch-type data not fetched in artifact-only run,5.0,WATCHLIST,0.0,"HR price captured, but fair probability is unavailable without Statcast/pitch-type and confirmed lineup context; not a bet.",draftkings,2026-05-01
146,Ivan Herrera,unavailable,LAD@STL,unavailable,680,0.1282,,,,neutral/mild,unavailable: pitch-type data not fetched in artifact-only run,5.0,WATCHLIST,0.0,"HR price captured, but fair probability is unavailable without Statcast/pitch-type and confirmed lineup context; not a bet.",draftkings,2026-05-01
147,Troy Johnston,unavailable,ATL@COL,unavailable,680,0.1282,,,,neutral/mild,unavailable: pitch-type data not fetched in artifact-only run,5.0,WATCHLIST,0.0,"HR price captured, but fair probability is unavailable without Statcast/pitch-type and confirmed lineup context; not a bet.",draftkings,2026-05-01
148,Carson Benge,unavailable,NYM@LAA,unavailable,680,0.1282,,,,neutral/mild,unavailable: pitch-type data not fetched in artifact-only run,5.0,WATCHLIST,0.0,"HR price captured, but fair probability is unavailable without Statcast/pitch-type and confirmed lineup context; not a bet.",draftkings,2026-05-01
149,Xander Bogaerts,unavailable,CWS@SD,unavailable,680,0.1282,,,,neutral/mild,unavailable: pitch-type data not fetched in artifact-only run,5.0,WATCHLIST,0.0,"HR price captured, but fair probability is unavailable without Statcast/pitch-type and confirmed lineup context; not a bet.",draftkings,2026-05-01
150,Corbin Carroll,unavailable,AZ@CHC,unavailable,680,0.1282,,,,neutral/mild,unavailable: pitch-type data not fetched in artifact-only run,5.0,WATCHLIST,0.0,"HR price captured, but fair probability is unavailable without Statcast/pitch-type and confirmed lineup context; not a bet.",draftkings,2026-05-01
151,Luis Garcia (WAS),unavailable,MIL@WAS,unavailable,680,0.1282,,,,unavailable,unavailable: pitch-type data not fetched in artifact-only run,5.0,WATCHLIST,0.0,"HR price captured, but fair probability is unavailable without Statcast/pitch-type and confirmed lineup context; not a bet.",draftkings,2026-05-01
152,Travis Bazzana,unavailable,CLE@A'S,unavailable,680,0.1282,,,,unavailable,unavailable: pitch-type data not fetched in artifact-only run,5.0,WATCHLIST,0.0,"HR price captured, but fair probability is unavailable without Statcast/pitch-type and confirmed lineup context; not a bet.",draftkings,2026-05-01
153,Freddie Freeman,unavailable,LAD@STL,unavailable,690,0.1266,,,,neutral/mild,unavailable: pitch-type data not fetched in artifact-only run,5.0,WATCHLIST,0.0,"HR price captured, but fair probability is unavailable without Statcast/pitch-type and confirmed lineup context; not a bet.",draftkings,2026-05-01
154,JJ Wetherholt,unavailable,LAD@STL,unavailable,690,0.1266,,,,neutral/mild,unavailable: pitch-type data not fetched in artifact-only run,5.0,WATCHLIST,0.0,"HR price captured, but fair probability is unavailable without Statcast/pitch-type and confirmed lineup context; not a bet.",draftkings,2026-05-01
155,Austin Hays,unavailable,CWS@SD,unavailable,690,0.1266,,,,neutral/mild,unavailable: pitch-type data not fetched in artifact-only run,5.0,WATCHLIST,0.0,"HR price captured, but fair probability is unavailable without Statcast/pitch-type and confirmed lineup context; not a bet.",draftkings,2026-05-01
156,Luis Rengifo,unavailable,MIL@WAS,unavailable,690,0.1266,,,,unavailable,unavailable: pitch-type data not fetched in artifact-only run,5.0,WATCHLIST,0.0,"HR price captured, but fair probability is unavailable without Statcast/pitch-type and confirmed lineup context; not a bet.",draftkings,2026-05-01
157,Luis Rengifo,unavailable,MIL@WSH,unavailable,700,0.125,,,,neutral/mild,unavailable: pitch-type data not fetched in artifact-only run,5.0,WATCHLIST,0.0,"HR price captured, but fair probability is unavailable without Statcast/pitch-type and confirmed lineup context; not a bet.",rotowire_props_yes_only,2026-05-01
158,Roman Anthony,unavailable,HOU@BOS,unavailable,700,0.125,,,,neutral/mild,unavailable: pitch-type data not fetched in artifact-only run,5.0,WATCHLIST,0.0,"HR price captured, but fair probability is unavailable without Statcast/pitch-type and confirmed lineup context; not a bet.",draftkings,2026-05-01
159,Travis Bazzana,unavailable,CLE@ATH,unavailable,700,0.125,,,,neutral/mild,unavailable: pitch-type data not fetched in artifact-only run,5.0,WATCHLIST,0.0,"HR price captured, but fair probability is unavailable without Statcast/pitch-type and confirmed lineup context; not a bet.",rotowire_props_yes_only,2026-05-01
160,Tyler Black,unavailable,MIL@WSH,unavailable,710,0.1235,,,,neutral/mild,unavailable: pitch-type data not fetched in artifact-only run,5.0,WATCHLIST,0.0,"HR price captured, but fair probability is unavailable without Statcast/pitch-type and confirmed lineup context; not a bet.",rotowire_props_yes_only,2026-05-01
161,Brice Matthews,unavailable,HOU@BOS,unavailable,710,0.1235,,,,neutral/mild,unavailable: pitch-type data not fetched in artifact-only run,5.0,WATCHLIST,0.0,"HR price captured, but fair probability is unavailable without Statcast/pitch-type and confirmed lineup context; not a bet.",draftkings,2026-05-01
162,T.J. Rumfield,unavailable,ATL@COL,unavailable,710,0.1235,,,,neutral/mild,unavailable: pitch-type data not fetched in artifact-only run,5.0,WATCHLIST,0.0,"HR price captured, but fair probability is unavailable without Statcast/pitch-type and confirmed lineup context; not a bet.",draftkings,2026-05-01
163,Mark Vientos,unavailable,NYM@LAA,unavailable,710,0.1235,,,,neutral/mild,unavailable: pitch-type data not fetched in artifact-only run,5.0,WATCHLIST,0.0,"HR price captured, but fair probability is unavailable without Statcast/pitch-type and confirmed lineup context; not a bet.",draftkings,2026-05-01
164,Josh Naylor,unavailable,KC@SEA,unavailable,710,0.1235,,,,neutral/mild,unavailable: pitch-type data not fetched in artifact-only run,5.0,WATCHLIST,0.0,"HR price captured, but fair probability is unavailable without Statcast/pitch-type and confirmed lineup context; not a bet.",draftkings,2026-05-01
165,Kevin McGonigle,unavailable,TEX@DET,unavailable,720,0.122,,,,neutral/mild,unavailable: pitch-type data not fetched in artifact-only run,5.0,WATCHLIST,0.0,"HR price captured, but fair probability is unavailable without Statcast/pitch-type and confirmed lineup context; not a bet.",draftkings,2026-05-01
166,Adley Rutschman,unavailable,BAL@NYY,unavailable,720,0.122,,,,neutral/mild,unavailable: pitch-type data not fetched in artifact-only run,5.0,WATCHLIST,0.0,"HR price captured, but fair probability is unavailable without Statcast/pitch-type and confirmed lineup context; not a bet.",draftkings,2026-05-01
167,Kyle Tucker,unavailable,LAD@STL,unavailable,720,0.122,,,,neutral/mild,unavailable: pitch-type data not fetched in artifact-only run,5.0,WATCHLIST,0.0,"HR price captured, but fair probability is unavailable without Statcast/pitch-type and confirmed lineup context; not a bet.",draftkings,2026-05-01
168,Moises Ballesteros,unavailable,AZ@CHC,unavailable,720,0.122,,,,neutral/mild,unavailable: pitch-type data not fetched in artifact-only run,5.0,WATCHLIST,0.0,"HR price captured, but fair probability is unavailable without Statcast/pitch-type and confirmed lineup context; not a bet.",draftkings,2026-05-01
169,Tyler Black,unavailable,MIL@WAS,unavailable,720,0.122,,,,unavailable,unavailable: pitch-type data not fetched in artifact-only run,5.0,WATCHLIST,0.0,"HR price captured, but fair probability is unavailable without Statcast/pitch-type and confirmed lineup context; not a bet.",draftkings,2026-05-01
170,Jose Altuve,unavailable,HOU@BOS,unavailable,730,0.1205,,,,neutral/mild,unavailable: pitch-type data not fetched in artifact-only run,5.0,WATCHLIST,0.0,"HR price captured, but fair probability is unavailable without Statcast/pitch-type and confirmed lineup context; not a bet.",draftkings,2026-05-01
171,Cam Smith,unavailable,HOU@BOS,unavailable,730,0.1205,,,,neutral/mild,unavailable: pitch-type data not fetched in artifact-only run,5.0,WATCHLIST,0.0,"HR price captured, but fair probability is unavailable without Statcast/pitch-type and confirmed lineup context; not a bet.",draftkings,2026-05-01
172,Jonathan Aranda,unavailable,SF@TB,unavailable,730,0.1205,,,,neutral dome,unavailable: pitch-type data not fetched in artifact-only run,5.0,WATCHLIST,0.0,"HR price captured, but fair probability is unavailable without Statcast/pitch-type and confirmed lineup context; not a bet.",draftkings,2026-05-01
173,Daylen Lile,unavailable,MIL@WAS,unavailable,730,0.1205,,,,unavailable,unavailable: pitch-type data not fetched in artifact-only run,5.0,WATCHLIST,0.0,"HR price captured, but fair probability is unavailable without Statcast/pitch-type and confirmed lineup context; not a bet.",draftkings,2026-05-01
174,Jose Caballero,unavailable,BAL@NYY,unavailable,740,0.119,,,,neutral/mild,unavailable: pitch-type data not fetched in artifact-only run,5.0,WATCHLIST,0.0,"HR price captured, but fair probability is unavailable without Statcast/pitch-type and confirmed lineup context; not a bet.",draftkings,2026-05-01
175,Jerar Encarnacion,unavailable,SF@TB,unavailable,750,0.1176,,,,neutral dome,unavailable: pitch-type data not fetched in artifact-only run,5.0,WATCHLIST,0.0,"HR price captured, but fair probability is unavailable without Statcast/pitch-type and confirmed lineup context; not a bet.",rotowire_props_yes_only,2026-05-01
176,Travis d'Arnaud,unavailable,NYM@LAA,unavailable,750,0.1176,,,,neutral/mild,unavailable: pitch-type data not fetched in artifact-only run,5.0,WATCHLIST,0.0,"HR price captured, but fair probability is unavailable without Statcast/pitch-type and confirmed lineup context; not a bet.",draftkings,2026-05-01
177,Liam Hicks,unavailable,PHI@MIA,unavailable,760,0.1163,,,,neutral/mild,unavailable: pitch-type data not fetched in artifact-only run,5.0,WATCHLIST,0.0,"HR price captured, but fair probability is unavailable without Statcast/pitch-type and confirmed lineup context; not a bet.",draftkings,2026-05-01
178,Bo Bichette,unavailable,NYM@LAA,unavailable,760,0.1163,,,,neutral/mild,unavailable: pitch-type data not fetched in artifact-only run,5.0,WATCHLIST,0.0,"HR price captured, but fair probability is unavailable without Statcast/pitch-type and confirmed lineup context; not a bet.",draftkings,2026-05-01
179,Ty France,unavailable,CWS@SD,unavailable,760,0.1163,,,,neutral/mild,unavailable: pitch-type data not fetched in artifact-only run,5.0,WATCHLIST,0.0,"HR price captured, but fair probability is unavailable without Statcast/pitch-type and confirmed lineup context; not a bet.",draftkings,2026-05-01
180,Wenceel Perez,unavailable,TEX@DET,unavailable,770,0.1149,,,,neutral/mild,unavailable: pitch-type data not fetched in artifact-only run,5.0,WATCHLIST,0.0,"HR price captured, but fair probability is unavailable without Statcast/pitch-type and confirmed lineup context; not a bet.",draftkings,2026-05-01
181,Dylan Beavers,unavailable,BAL@NYY,unavailable,770,0.1149,,,,neutral/mild,unavailable: pitch-type data not fetched in artifact-only run,5.0,WATCHLIST,0.0,"HR price captured, but fair probability is unavailable without Statcast/pitch-type and confirmed lineup context; not a bet.",draftkings,2026-05-01
182,Willi Castro,unavailable,ATL@COL,unavailable,770,0.1149,,,,neutral/mild,unavailable: pitch-type data not fetched in artifact-only run,5.0,WATCHLIST,0.0,"HR price captured, but fair probability is unavailable without Statcast/pitch-type and confirmed lineup context; not a bet.",draftkings,2026-05-01
183,Tyrone Taylor,unavailable,NYM@LAA,unavailable,775,0.1143,,,,neutral/mild,unavailable: pitch-type data not fetched in artifact-only run,5.0,WATCHLIST,0.0,"HR price captured, but fair probability is unavailable without Statcast/pitch-type and confirmed lineup context; not a bet.",rotowire_props_yes_only,2026-05-01
184,Gleyber Torres,unavailable,TEX@DET,unavailable,780,0.1136,,,,neutral/mild,unavailable: pitch-type data not fetched in artifact-only run,5.0,WATCHLIST,0.0,"HR price captured, but fair probability is unavailable without Statcast/pitch-type and confirmed lineup context; not a bet.",draftkings,2026-05-01
185,Nathaniel Lowe,unavailable,CIN@PIT,unavailable,780,0.1136,,,,weather delay risk,unavailable: pitch-type data not fetched in artifact-only run,5.0,WATCHLIST,0.0,"HR price captured, but fair probability is unavailable without Statcast/pitch-type and confirmed lineup context; not a bet.",draftkings,2026-05-01
186,Austin Wells,unavailable,BAL@NYY,unavailable,780,0.1136,,,,neutral/mild,unavailable: pitch-type data not fetched in artifact-only run,5.0,WATCHLIST,0.0,"HR price captured, but fair probability is unavailable without Statcast/pitch-type and confirmed lineup context; not a bet.",draftkings,2026-05-01
187,Yohendrick Pinango,unavailable,TOR@MIN,unavailable,780,0.1136,,,,neutral/mild,unavailable: pitch-type data not fetched in artifact-only run,5.0,WATCHLIST,0.0,"HR price captured, but fair probability is unavailable without Statcast/pitch-type and confirmed lineup context; not a bet.",draftkings,2026-05-01
188,Cole Young,unavailable,KC@SEA,unavailable,780,0.1136,,,,neutral/mild,unavailable: pitch-type data not fetched in artifact-only run,5.0,WATCHLIST,0.0,"HR price captured, but fair probability is unavailable without Statcast/pitch-type and confirmed lineup context; not a bet.",draftkings,2026-05-01
189,Hao-Yu Lee,unavailable,TEX@DET,unavailable,790,0.1124,,,,neutral/mild,unavailable: pitch-type data not fetched in artifact-only run,5.0,WATCHLIST,0.0,"HR price captured, but fair probability is unavailable without Statcast/pitch-type and confirmed lineup context; not a bet.",draftkings,2026-05-01
190,Marcell Ozuna,unavailable,CIN@PIT,unavailable,790,0.1124,,,,weather delay risk,unavailable: pitch-type data not fetched in artifact-only run,5.0,WATCHLIST,0.0,"HR price captured, but fair probability is unavailable without Statcast/pitch-type and confirmed lineup context; not a bet.",draftkings,2026-05-01
191,Yainer Diaz,unavailable,HOU@BOS,unavailable,790,0.1124,,,,neutral/mild,unavailable: pitch-type data not fetched in artifact-only run,5.0,WATCHLIST,0.0,"HR price captured, but fair probability is unavailable without Statcast/pitch-type and confirmed lineup context; not a bet.",draftkings,2026-05-01
192,Trevor Story,unavailable,HOU@BOS,unavailable,790,0.1124,,,,neutral/mild,unavailable: pitch-type data not fetched in artifact-only run,5.0,WATCHLIST,0.0,"HR price captured, but fair probability is unavailable without Statcast/pitch-type and confirmed lineup context; not a bet.",draftkings,2026-05-01
193,Otto Lopez,unavailable,PHI@MIA,unavailable,790,0.1124,,,,neutral/mild,unavailable: pitch-type data not fetched in artifact-only run,5.0,WATCHLIST,0.0,"HR price captured, but fair probability is unavailable without Statcast/pitch-type and confirmed lineup context; not a bet.",draftkings,2026-05-01
194,Leody Taveras,unavailable,BAL@NYY,unavailable,800,0.1111,,,,neutral/mild,unavailable: pitch-type data not fetched in artifact-only run,5.0,WATCHLIST,0.0,"HR price captured, but fair probability is unavailable without Statcast/pitch-type and confirmed lineup context; not a bet.",draftkings,2026-05-01
195,Danny Jansen,unavailable,TEX@DET,unavailable,810,0.1099,,,,neutral/mild,unavailable: pitch-type data not fetched in artifact-only run,5.0,WATCHLIST,0.0,"HR price captured, but fair probability is unavailable without Statcast/pitch-type and confirmed lineup context; not a bet.",draftkings,2026-05-01
196,Coby Mayo,unavailable,BAL@NYY,unavailable,810,0.1099,,,,neutral/mild,unavailable: pitch-type data not fetched in artifact-only run,5.0,WATCHLIST,0.0,"HR price captured, but fair probability is unavailable without Statcast/pitch-type and confirmed lineup context; not a bet.",draftkings,2026-05-01
197,Bryson Stott,unavailable,PHI@MIA,unavailable,820,0.1087,,,,neutral/mild,unavailable: pitch-type data not fetched in artifact-only run,5.0,WATCHLIST,0.0,"HR price captured, but fair probability is unavailable without Statcast/pitch-type and confirmed lineup context; not a bet.",draftkings,2026-05-01
198,Miguel Rojas,unavailable,LAD@STL,unavailable,820,0.1087,,,,neutral/mild,unavailable: pitch-type data not fetched in artifact-only run,5.0,WATCHLIST,0.0,"HR price captured, but fair probability is unavailable without Statcast/pitch-type and confirmed lineup context; not a bet.",draftkings,2026-05-01
199,Ezequiel Tovar,unavailable,ATL@COL,unavailable,820,0.1087,,,,neutral/mild,unavailable: pitch-type data not fetched in artifact-only run,5.0,WATCHLIST,0.0,"HR price captured, but fair probability is unavailable without Statcast/pitch-type and confirmed lineup context; not a bet.",draftkings,2026-05-01
200,Alex Bregman,unavailable,AZ@CHC,unavailable,820,0.1087,,,,neutral/mild,unavailable: pitch-type data not fetched in artifact-only run,5.0,WATCHLIST,0.0,"HR price captured, but fair probability is unavailable without Statcast/pitch-type and confirmed lineup context; not a bet.",draftkings,2026-05-01
201,Henry Davis,unavailable,CIN@PIT,unavailable,830,0.1075,,,,weather delay risk,unavailable: pitch-type data not fetched in artifact-only run,5.0,WATCHLIST,0.0,"HR price captured, but fair probability is unavailable without Statcast/pitch-type and confirmed lineup context; not a bet.",draftkings,2026-05-01
202,Kyle Karros,unavailable,ATL@COL,unavailable,830,0.1075,,,,neutral/mild,unavailable: pitch-type data not fetched in artifact-only run,5.0,WATCHLIST,0.0,"HR price captured, but fair probability is unavailable without Statcast/pitch-type and confirmed lineup context; not a bet.",draftkings,2026-05-01
203,Maikel Garcia,unavailable,KC@SEA,unavailable,830,0.1075,,,,neutral/mild,unavailable: pitch-type data not fetched in artifact-only run,5.0,WATCHLIST,0.0,"HR price captured, but fair probability is unavailable without Statcast/pitch-type and confirmed lineup context; not a bet.",draftkings,2026-05-01
204,Tyler Stephenson,unavailable,CIN@PIT,unavailable,840,0.1064,,,,weather delay risk,unavailable: pitch-type data not fetched in artifact-only run,5.0,WATCHLIST,0.0,"HR price captured, but fair probability is unavailable without Statcast/pitch-type and confirmed lineup context; not a bet.",draftkings,2026-05-01
205,Connor Norby,unavailable,PHI@MIA,unavailable,840,0.1064,,,,neutral/mild,unavailable: pitch-type data not fetched in artifact-only run,5.0,WATCHLIST,0.0,"HR price captured, but fair probability is unavailable without Statcast/pitch-type and confirmed lineup context; not a bet.",draftkings,2026-05-01
206,Jonny DeLuca,unavailable,SF@TB,unavailable,840,0.1064,,,,neutral dome,unavailable: pitch-type data not fetched in artifact-only run,5.0,WATCHLIST,0.0,"HR price captured, but fair probability is unavailable without Statcast/pitch-type and confirmed lineup context; not a bet.",draftkings,2026-05-01
207,Nolan Schanuel,unavailable,NYM@LAA,unavailable,850,0.1053,,,,neutral/mild,unavailable: pitch-type data not fetched in artifact-only run,5.0,WATCHLIST,0.0,"HR price captured, but fair probability is unavailable without Statcast/pitch-type and confirmed lineup context; not a bet.",draftkings,2026-05-01
208,Sam Antonacci,unavailable,CWS@SD,unavailable,850,0.1053,,,,neutral/mild,unavailable: pitch-type data not fetched in artifact-only run,5.0,WATCHLIST,0.0,"HR price captured, but fair probability is unavailable without Statcast/pitch-type and confirmed lineup context; not a bet.",draftkings,2026-05-01
209,Keibert Ruiz,unavailable,MIL@WAS,unavailable,850,0.1053,,,,unavailable,unavailable: pitch-type data not fetched in artifact-only run,5.0,WATCHLIST,0.0,"HR price captured, but fair probability is unavailable without Statcast/pitch-type and confirmed lineup context; not a bet.",draftkings,2026-05-01
210,Matt Vierling,unavailable,TEX@DET,unavailable,860,0.1042,,,,neutral/mild,unavailable: pitch-type data not fetched in artifact-only run,5.0,WATCHLIST,0.0,"HR price captured, but fair probability is unavailable without Statcast/pitch-type and confirmed lineup context; not a bet.",draftkings,2026-05-01
211,Evan Carter,unavailable,TEX@DET,unavailable,870,0.1031,,,,neutral/mild,unavailable: pitch-type data not fetched in artifact-only run,5.0,WATCHLIST,0.0,"HR price captured, but fair probability is unavailable without Statcast/pitch-type and confirmed lineup context; not a bet.",draftkings,2026-05-01
212,Brandon Marsh,unavailable,PHI@MIA,unavailable,870,0.1031,,,,neutral/mild,unavailable: pitch-type data not fetched in artifact-only run,5.0,WATCHLIST,0.0,"HR price captured, but fair probability is unavailable without Statcast/pitch-type and confirmed lineup context; not a bet.",draftkings,2026-05-01
213,Brooks Lee,unavailable,TOR@MIN,unavailable,870,0.1031,,,,neutral/mild,unavailable: pitch-type data not fetched in artifact-only run,5.0,WATCHLIST,0.0,"HR price captured, but fair probability is unavailable without Statcast/pitch-type and confirmed lineup context; not a bet.",draftkings,2026-05-01
214,Marcelo Mayer,unavailable,HOU@BOS,unavailable,880,0.102,,,,neutral/mild,unavailable: pitch-type data not fetched in artifact-only run,5.0,WATCHLIST,0.0,"HR price captured, but fair probability is unavailable without Statcast/pitch-type and confirmed lineup context; not a bet.",draftkings,2026-05-01
215,Victor Caratini,unavailable,TOR@MIN,unavailable,880,0.102,,,,neutral/mild,unavailable: pitch-type data not fetched in artifact-only run,5.0,WATCHLIST,0.0,"HR price captured, but fair probability is unavailable without Statcast/pitch-type and confirmed lineup context; not a bet.",draftkings,2026-05-01
216,Miguel Andujar,unavailable,CWS@SD,unavailable,880,0.102,,,,neutral/mild,unavailable: pitch-type data not fetched in artifact-only run,5.0,WATCHLIST,0.0,"HR price captured, but fair probability is unavailable without Statcast/pitch-type and confirmed lineup context; not a bet.",draftkings,2026-05-01
217,Pete Crow-Armstrong,unavailable,AZ@CHC,unavailable,880,0.102,,,,neutral/mild,unavailable: pitch-type data not fetched in artifact-only run,5.0,WATCHLIST,0.0,"HR price captured, but fair probability is unavailable without Statcast/pitch-type and confirmed lineup context; not a bet.",draftkings,2026-05-01
218,Owen Caissie,unavailable,PHI@MIA,unavailable,890,0.101,,,,neutral/mild,unavailable: pitch-type data not fetched in artifact-only run,5.0,WATCHLIST,0.0,"HR price captured, but fair probability is unavailable without Statcast/pitch-type and confirmed lineup context; not a bet.",draftkings,2026-05-01
219,Joey Ortiz,unavailable,MIL@WSH,unavailable,900,0.1,,,,neutral/mild,unavailable: pitch-type data not fetched in artifact-only run,5.0,WATCHLIST,0.0,"HR price captured, but fair probability is unavailable without Statcast/pitch-type and confirmed lineup context; not a bet.",rotowire_props_yes_only,2026-05-01
220,Christian Vazquez,unavailable,HOU@BOS,unavailable,900,0.1,,,,neutral/mild,unavailable: pitch-type data not fetched in artifact-only run,5.0,WATCHLIST,0.0,"HR price captured, but fair probability is unavailable without Statcast/pitch-type and confirmed lineup context; not a bet.",rotowire_props_yes_only,2026-05-01
221,Nathan Church,unavailable,LAD@STL,unavailable,930,0.0971,,,,neutral/mild,unavailable: pitch-type data not fetched in artifact-only run,5.0,WATCHLIST,0.0,"HR price captured, but fair probability is unavailable without Statcast/pitch-type and confirmed lineup context; not a bet.",draftkings,2026-05-01
222,Carlos Narvaez,unavailable,HOU@BOS,unavailable,940,0.0962,,,,neutral/mild,unavailable: pitch-type data not fetched in artifact-only run,5.0,WATCHLIST,0.0,"HR price captured, but fair probability is unavailable without Statcast/pitch-type and confirmed lineup context; not a bet.",draftkings,2026-05-01
223,Adrian Del Castillo,unavailable,AZ@CHC,unavailable,940,0.0962,,,,neutral/mild,unavailable: pitch-type data not fetched in artifact-only run,5.0,WATCHLIST,0.0,"HR price captured, but fair probability is unavailable without Statcast/pitch-type and confirmed lineup context; not a bet.",draftkings,2026-05-01
224,Spencer Steer,unavailable,CIN@PIT,unavailable,950,0.0952,,,,weather delay risk,unavailable: pitch-type data not fetched in artifact-only run,5.0,WATCHLIST,0.0,"HR price captured, but fair probability is unavailable without Statcast/pitch-type and confirmed lineup context; not a bet.",draftkings,2026-05-01
225,Jeremiah Jackson,unavailable,BAL@NYY,unavailable,960,0.0943,,,,neutral/mild,unavailable: pitch-type data not fetched in artifact-only run,5.0,WATCHLIST,0.0,"HR price captured, but fair probability is unavailable without Statcast/pitch-type and confirmed lineup context; not a bet.",draftkings,2026-05-01
226,Jakob Marsee,unavailable,PHI@MIA,unavailable,970,0.0935,,,,neutral/mild,unavailable: pitch-type data not fetched in artifact-only run,5.0,WATCHLIST,0.0,"HR price captured, but fair probability is unavailable without Statcast/pitch-type and confirmed lineup context; not a bet.",draftkings,2026-05-01
227,Jacob Wilson,unavailable,CLE@A'S,unavailable,970,0.0935,,,,unavailable,unavailable: pitch-type data not fetched in artifact-only run,5.0,WATCHLIST,0.0,"HR price captured, but fair probability is unavailable without Statcast/pitch-type and confirmed lineup context; not a bet.",draftkings,2026-05-01
228,David Hamilton,unavailable,MIL@WSH,unavailable,980,0.0926,,,,neutral/mild,unavailable: pitch-type data not fetched in artifact-only run,5.0,WATCHLIST,0.0,"HR price captured, but fair probability is unavailable without Statcast/pitch-type and confirmed lineup context; not a bet.",rotowire_props_yes_only,2026-05-01
229,Brayan Rocchio,unavailable,CLE@ATH,unavailable,980,0.0926,,,,neutral/mild,unavailable: pitch-type data not fetched in artifact-only run,5.0,WATCHLIST,0.0,"HR price captured, but fair probability is unavailable without Statcast/pitch-type and confirmed lineup context; not a bet.",rotowire_props_yes_only,2026-05-01
230,Brandon Lockridge,unavailable,MIL@WAS,unavailable,980,0.0926,,,,unavailable,unavailable: pitch-type data not fetched in artifact-only run,5.0,WATCHLIST,0.0,"HR price captured, but fair probability is unavailable without Statcast/pitch-type and confirmed lineup context; not a bet.",draftkings,2026-05-01
231,Josh Smith,unavailable,TEX@DET,unavailable,990,0.0917,,,,neutral/mild,unavailable: pitch-type data not fetched in artifact-only run,5.0,WATCHLIST,0.0,"HR price captured, but fair probability is unavailable without Statcast/pitch-type and confirmed lineup context; not a bet.",draftkings,2026-05-01
232,Patrick Bailey,unavailable,SF@TB,unavailable,1000,0.0909,,,,neutral dome,unavailable: pitch-type data not fetched in artifact-only run,5.0,WATCHLIST,0.0,"HR price captured, but fair probability is unavailable without Statcast/pitch-type and confirmed lineup context; not a bet.",draftkings,2026-05-01
233,Ryan Vilade,unavailable,SF@TB,unavailable,1000,0.0909,,,,neutral dome,unavailable: pitch-type data not fetched in artifact-only run,5.0,WATCHLIST,0.0,"HR price captured, but fair probability is unavailable without Statcast/pitch-type and confirmed lineup context; not a bet.",draftkings,2026-05-01
234,Nick Fortes,unavailable,SF@TB,unavailable,1000,0.0909,,,,neutral dome,unavailable: pitch-type data not fetched in artifact-only run,5.0,WATCHLIST,0.0,"HR price captured, but fair probability is unavailable without Statcast/pitch-type and confirmed lineup context; not a bet.",draftkings,2026-05-01
235,Luke Keaschall,unavailable,TOR@MIN,unavailable,1000,0.0909,,,,neutral/mild,unavailable: pitch-type data not fetched in artifact-only run,5.0,WATCHLIST,0.0,"HR price captured, but fair probability is unavailable without Statcast/pitch-type and confirmed lineup context; not a bet.",draftkings,2026-05-01
236,Austin Martin,unavailable,TOR@MIN,unavailable,1000,0.0909,,,,neutral/mild,unavailable: pitch-type data not fetched in artifact-only run,5.0,WATCHLIST,0.0,"HR price captured, but fair probability is unavailable without Statcast/pitch-type and confirmed lineup context; not a bet.",draftkings,2026-05-01
237,Freddy Fermin,unavailable,CWS@SD,unavailable,1000,0.0909,,,,neutral/mild,unavailable: pitch-type data not fetched in artifact-only run,5.0,WATCHLIST,0.0,"HR price captured, but fair probability is unavailable without Statcast/pitch-type and confirmed lineup context; not a bet.",draftkings,2026-05-01
238,Isaac Collins,unavailable,KC@SEA,unavailable,1000,0.0909,,,,neutral/mild,unavailable: pitch-type data not fetched in artifact-only run,5.0,WATCHLIST,0.0,"HR price captured, but fair probability is unavailable without Statcast/pitch-type and confirmed lineup context; not a bet.",draftkings,2026-05-01
239,J.P. Crawford,unavailable,KC@SEA,unavailable,1000,0.0909,,,,neutral/mild,unavailable: pitch-type data not fetched in artifact-only run,5.0,WATCHLIST,0.0,"HR price captured, but fair probability is unavailable without Statcast/pitch-type and confirmed lineup context; not a bet.",draftkings,2026-05-01
240,David Hamilton,unavailable,MIL@WAS,unavailable,1000,0.0909,,,,unavailable,unavailable: pitch-type data not fetched in artifact-only run,5.0,WATCHLIST,0.0,"HR price captured, but fair probability is unavailable without Statcast/pitch-type and confirmed lineup context; not a bet.",draftkings,2026-05-01
241,Brayan Rocchio,unavailable,CLE@A'S,unavailable,1000,0.0909,,,,unavailable,unavailable: pitch-type data not fetched in artifact-only run,5.0,WATCHLIST,0.0,"HR price captured, but fair probability is unavailable without Statcast/pitch-type and confirmed lineup context; not a bet.",draftkings,2026-05-01
242,Andres Gimenez,unavailable,TOR@MIN,unavailable,1020,0.0893,,,,neutral/mild,unavailable: pitch-type data not fetched in artifact-only run,5.0,WATCHLIST,0.0,"HR price captured, but fair probability is unavailable without Statcast/pitch-type and confirmed lineup context; not a bet.",draftkings,2026-05-01
243,Xavier Edwards,unavailable,PHI@MIA,unavailable,1040,0.0877,,,,neutral/mild,unavailable: pitch-type data not fetched in artifact-only run,5.0,WATCHLIST,0.0,"HR price captured, but fair probability is unavailable without Statcast/pitch-type and confirmed lineup context; not a bet.",draftkings,2026-05-01
244,Drew Gilbert,unavailable,SF@TB,unavailable,1040,0.0877,,,,neutral dome,unavailable: pitch-type data not fetched in artifact-only run,5.0,WATCHLIST,0.0,"HR price captured, but fair probability is unavailable without Statcast/pitch-type and confirmed lineup context; not a bet.",draftkings,2026-05-01
245,Dansby Swanson,unavailable,AZ@CHC,unavailable,1040,0.0877,,,,neutral/mild,unavailable: pitch-type data not fetched in artifact-only run,5.0,WATCHLIST,0.0,"HR price captured, but fair probability is unavailable without Statcast/pitch-type and confirmed lineup context; not a bet.",draftkings,2026-05-01
246,Justin Crawford,unavailable,PHI@MIA,unavailable,1060,0.0862,,,,neutral/mild,unavailable: pitch-type data not fetched in artifact-only run,5.0,WATCHLIST,0.0,"HR price captured, but fair probability is unavailable without Statcast/pitch-type and confirmed lineup context; not a bet.",draftkings,2026-05-01
247,Pedro Pages,unavailable,LAD@STL,unavailable,1060,0.0862,,,,neutral/mild,unavailable: pitch-type data not fetched in artifact-only run,5.0,WATCHLIST,0.0,"HR price captured, but fair probability is unavailable without Statcast/pitch-type and confirmed lineup context; not a bet.",draftkings,2026-05-01
248,Sal Frelick,unavailable,MIL@WAS,unavailable,1060,0.0862,,,,unavailable,unavailable: pitch-type data not fetched in artifact-only run,5.0,WATCHLIST,0.0,"HR price captured, but fair probability is unavailable without Statcast/pitch-type and confirmed lineup context; not a bet.",draftkings,2026-05-01
249,Jeff McNeil,unavailable,CLE@A'S,unavailable,1060,0.0862,,,,unavailable,unavailable: pitch-type data not fetched in artifact-only run,5.0,WATCHLIST,0.0,"HR price captured, but fair probability is unavailable without Statcast/pitch-type and confirmed lineup context; not a bet.",draftkings,2026-05-01
250,Darell Hernaiz,unavailable,CLE@A'S,unavailable,1060,0.0862,,,,unavailable,unavailable: pitch-type data not fetched in artifact-only run,5.0,WATCHLIST,0.0,"HR price captured, but fair probability is unavailable without Statcast/pitch-type and confirmed lineup context; not a bet.",draftkings,2026-05-01
251,Rafael Marchan,unavailable,PHI@MIA,unavailable,1080,0.0847,,,,neutral/mild,unavailable: pitch-type data not fetched in artifact-only run,5.0,WATCHLIST,0.0,"HR price captured, but fair probability is unavailable without Statcast/pitch-type and confirmed lineup context; not a bet.",draftkings,2026-05-01
252,Ernie Clement,unavailable,TOR@MIN,unavailable,1080,0.0847,,,,neutral/mild,unavailable: pitch-type data not fetched in artifact-only run,5.0,WATCHLIST,0.0,"HR price captured, but fair probability is unavailable without Statcast/pitch-type and confirmed lineup context; not a bet.",draftkings,2026-05-01
253,Sal Frelick,unavailable,MIL@WSH,unavailable,1100,0.0833,,,,neutral/mild,unavailable: pitch-type data not fetched in artifact-only run,5.0,WATCHLIST,0.0,"HR price captured, but fair probability is unavailable without Statcast/pitch-type and confirmed lineup context; not a bet.",rotowire_props_yes_only,2026-05-01
254,Konnor Griffin,unavailable,CIN@PIT,unavailable,1100,0.0833,,,,weather delay risk,unavailable: pitch-type data not fetched in artifact-only run,5.0,WATCHLIST,0.0,"HR price captured, but fair probability is unavailable without Statcast/pitch-type and confirmed lineup context; not a bet.",draftkings,2026-05-01
255,Max Schuemann,unavailable,BAL@NYY,unavailable,1100,0.0833,,,,neutral/mild,unavailable: pitch-type data not fetched in artifact-only run,5.0,WATCHLIST,0.0,"HR price captured, but fair probability is unavailable without Statcast/pitch-type and confirmed lineup context; not a bet.",draftkings,2026-05-01
256,Graham Pauley,unavailable,PHI@MIA,unavailable,1100,0.0833,,,,neutral/mild,unavailable: pitch-type data not fetched in artifact-only run,5.0,WATCHLIST,0.0,"HR price captured, but fair probability is unavailable without Statcast/pitch-type and confirmed lineup context; not a bet.",draftkings,2026-05-01
257,Chase Meidroth,unavailable,CWS@SD,unavailable,1100,0.0833,,,,neutral/mild,unavailable: pitch-type data not fetched in artifact-only run,5.0,WATCHLIST,0.0,"HR price captured, but fair probability is unavailable without Statcast/pitch-type and confirmed lineup context; not a bet.",draftkings,2026-05-01
258,Matt McLain,unavailable,CIN@PIT,unavailable,1120,0.082,,,,weather delay risk,unavailable: pitch-type data not fetched in artifact-only run,5.0,WATCHLIST,0.0,"HR price captured, but fair probability is unavailable without Statcast/pitch-type and confirmed lineup context; not a bet.",draftkings,2026-05-01
259,Alec Bohm,unavailable,PHI@MIA,unavailable,1120,0.082,,,,neutral/mild,unavailable: pitch-type data not fetched in artifact-only run,5.0,WATCHLIST,0.0,"HR price captured, but fair probability is unavailable without Statcast/pitch-type and confirmed lineup context; not a bet.",draftkings,2026-05-01
260,Jake McCarthy,unavailable,ATL@COL,unavailable,1120,0.082,,,,neutral/mild,unavailable: pitch-type data not fetched in artifact-only run,5.0,WATCHLIST,0.0,"HR price captured, but fair probability is unavailable without Statcast/pitch-type and confirmed lineup context; not a bet.",draftkings,2026-05-01
261,Carson Kelly,unavailable,AZ@CHC,unavailable,1120,0.082,,,,neutral/mild,unavailable: pitch-type data not fetched in artifact-only run,5.0,WATCHLIST,0.0,"HR price captured, but fair probability is unavailable without Statcast/pitch-type and confirmed lineup context; not a bet.",draftkings,2026-05-01
262,Gabriel Moreno,unavailable,AZ@CHC,unavailable,1120,0.082,,,,neutral/mild,unavailable: pitch-type data not fetched in artifact-only run,5.0,WATCHLIST,0.0,"HR price captured, but fair probability is unavailable without Statcast/pitch-type and confirmed lineup context; not a bet.",draftkings,2026-05-01
263,Brandon Lockridge,unavailable,MIL@WSH,unavailable,1125,0.0816,,,,neutral/mild,unavailable: pitch-type data not fetched in artifact-only run,5.0,WATCHLIST,0.0,"HR price captured, but fair probability is unavailable without Statcast/pitch-type and confirmed lineup context; not a bet.",rotowire_props_yes_only,2026-05-01
264,TJ Friedl,unavailable,CIN@PIT,unavailable,1140,0.0806,,,,weather delay risk,unavailable: pitch-type data not fetched in artifact-only run,5.0,WATCHLIST,0.0,"HR price captured, but fair probability is unavailable without Statcast/pitch-type and confirmed lineup context; not a bet.",draftkings,2026-05-01
265,Spencer Horwitz,unavailable,CIN@PIT,unavailable,1140,0.0806,,,,weather delay risk,unavailable: pitch-type data not fetched in artifact-only run,5.0,WATCHLIST,0.0,"HR price captured, but fair probability is unavailable without Statcast/pitch-type and confirmed lineup context; not a bet.",draftkings,2026-05-01
266,Tristan Peters,unavailable,CWS@SD,unavailable,1140,0.0806,,,,neutral/mild,unavailable: pitch-type data not fetched in artifact-only run,5.0,WATCHLIST,0.0,"HR price captured, but fair probability is unavailable without Statcast/pitch-type and confirmed lineup context; not a bet.",draftkings,2026-05-01
267,Edgar Quero,unavailable,CWS@SD,unavailable,1140,0.0806,,,,neutral/mild,unavailable: pitch-type data not fetched in artifact-only run,5.0,WATCHLIST,0.0,"HR price captured, but fair probability is unavailable without Statcast/pitch-type and confirmed lineup context; not a bet.",draftkings,2026-05-01
268,Nasim Nunez,unavailable,MIL@WAS,unavailable,1140,0.0806,,,,unavailable,unavailable: pitch-type data not fetched in artifact-only run,5.0,WATCHLIST,0.0,"HR price captured, but fair probability is unavailable without Statcast/pitch-type and confirmed lineup context; not a bet.",draftkings,2026-05-01
269,Steven Kwan,unavailable,CLE@ATH,unavailable,1150,0.08,,,,neutral/mild,unavailable: pitch-type data not fetched in artifact-only run,5.0,WATCHLIST,0.0,"HR price captured, but fair probability is unavailable without Statcast/pitch-type and confirmed lineup context; not a bet.",rotowire_props_yes_only,2026-05-01
270,Adam Frazier,unavailable,NYM@LAA,unavailable,1160,0.0794,,,,neutral/mild,unavailable: pitch-type data not fetched in artifact-only run,5.0,WATCHLIST,0.0,"HR price captured, but fair probability is unavailable without Statcast/pitch-type and confirmed lineup context; not a bet.",draftkings,2026-05-01
271,Leo Rivas,unavailable,KC@SEA,unavailable,1160,0.0794,,,,neutral/mild,unavailable: pitch-type data not fetched in artifact-only run,5.0,WATCHLIST,0.0,"HR price captured, but fair probability is unavailable without Statcast/pitch-type and confirmed lineup context; not a bet.",draftkings,2026-05-01
272,Jorbit Vivas,unavailable,MIL@WAS,unavailable,1180,0.0781,,,,unavailable,unavailable: pitch-type data not fetched in artifact-only run,5.0,WATCHLIST,0.0,"HR price captured, but fair probability is unavailable without Statcast/pitch-type and confirmed lineup context; not a bet.",draftkings,2026-05-01
273,Caleb Durbin,unavailable,HOU@BOS,unavailable,1200,0.0769,,,,neutral/mild,unavailable: pitch-type data not fetched in artifact-only run,5.0,WATCHLIST,0.0,"HR price captured, but fair probability is unavailable without Statcast/pitch-type and confirmed lineup context; not a bet.",draftkings,2026-05-01
274,Shay Whitcomb,unavailable,HOU@BOS,unavailable,1220,0.0758,,,,neutral/mild,unavailable: pitch-type data not fetched in artifact-only run,5.0,WATCHLIST,0.0,"HR price captured, but fair probability is unavailable without Statcast/pitch-type and confirmed lineup context; not a bet.",draftkings,2026-05-01
275,Santiago Espinal,unavailable,LAD@STL,unavailable,1220,0.0758,,,,neutral/mild,unavailable: pitch-type data not fetched in artifact-only run,5.0,WATCHLIST,0.0,"HR price captured, but fair probability is unavailable without Statcast/pitch-type and confirmed lineup context; not a bet.",draftkings,2026-05-01
276,Steven Kwan,unavailable,CLE@A'S,unavailable,1240,0.0746,,,,unavailable,unavailable: pitch-type data not fetched in artifact-only run,5.0,WATCHLIST,0.0,"HR price captured, but fair probability is unavailable without Statcast/pitch-type and confirmed lineup context; not a bet.",draftkings,2026-05-01
277,Ben Williamson,unavailable,SF@TB,unavailable,1260,0.0735,,,,neutral dome,unavailable: pitch-type data not fetched in artifact-only run,5.0,WATCHLIST,0.0,"HR price captured, but fair probability is unavailable without Statcast/pitch-type and confirmed lineup context; not a bet.",draftkings,2026-05-01
278,Nolan Arenado,unavailable,AZ@CHC,unavailable,1260,0.0735,,,,neutral/mild,unavailable: pitch-type data not fetched in artifact-only run,5.0,WATCHLIST,0.0,"HR price captured, but fair probability is unavailable without Statcast/pitch-type and confirmed lineup context; not a bet.",draftkings,2026-05-01
279,Jacob Young,unavailable,MIL@WAS,unavailable,1260,0.0735,,,,unavailable,unavailable: pitch-type data not fetched in artifact-only run,5.0,WATCHLIST,0.0,"HR price captured, but fair probability is unavailable without Statcast/pitch-type and confirmed lineup context; not a bet.",draftkings,2026-05-01
280,Jung Hoo Lee,unavailable,SF@TB,unavailable,1280,0.0725,,,,neutral dome,unavailable: pitch-type data not fetched in artifact-only run,5.0,WATCHLIST,0.0,"HR price captured, but fair probability is unavailable without Statcast/pitch-type and confirmed lineup context; not a bet.",draftkings,2026-05-01
281,Kyle Isbel,unavailable,KC@SEA,unavailable,1280,0.0725,,,,neutral/mild,unavailable: pitch-type data not fetched in artifact-only run,5.0,WATCHLIST,0.0,"HR price captured, but fair probability is unavailable without Statcast/pitch-type and confirmed lineup context; not a bet.",draftkings,2026-05-01
282,Nick Gonzales,unavailable,CIN@PIT,unavailable,1300,0.0714,,,,weather delay risk,unavailable: pitch-type data not fetched in artifact-only run,5.0,WATCHLIST,0.0,"HR price captured, but fair probability is unavailable without Statcast/pitch-type and confirmed lineup context; not a bet.",draftkings,2026-05-01
283,Masyn Winn,unavailable,LAD@STL,unavailable,1300,0.0714,,,,neutral/mild,unavailable: pitch-type data not fetched in artifact-only run,5.0,WATCHLIST,0.0,"HR price captured, but fair probability is unavailable without Statcast/pitch-type and confirmed lineup context; not a bet.",draftkings,2026-05-01
284,Alejandro Osuna,unavailable,TEX@DET,unavailable,1320,0.0704,,,,neutral/mild,unavailable: pitch-type data not fetched in artifact-only run,5.0,WATCHLIST,0.0,"HR price captured, but fair probability is unavailable without Statcast/pitch-type and confirmed lineup context; not a bet.",draftkings,2026-05-01
285,Alek Thomas,unavailable,AZ@CHC,unavailable,1320,0.0704,,,,neutral/mild,unavailable: pitch-type data not fetched in artifact-only run,5.0,WATCHLIST,0.0,"HR price captured, but fair probability is unavailable without Statcast/pitch-type and confirmed lineup context; not a bet.",draftkings,2026-05-01
286,Taylor Walls,unavailable,SF@TB,unavailable,1360,0.0685,,,,neutral dome,unavailable: pitch-type data not fetched in artifact-only run,5.0,WATCHLIST,0.0,"HR price captured, but fair probability is unavailable without Statcast/pitch-type and confirmed lineup context; not a bet.",draftkings,2026-05-01
287,Jose Fernandez,unavailable,AZ@CHC,unavailable,1380,0.0676,,,,neutral/mild,unavailable: pitch-type data not fetched in artifact-only run,5.0,WATCHLIST,0.0,"HR price captured, but fair probability is unavailable without Statcast/pitch-type and confirmed lineup context; not a bet.",draftkings,2026-05-01
288,Ke'Bryan Hayes,unavailable,CIN@PIT,unavailable,1440,0.0649,,,,weather delay risk,unavailable: pitch-type data not fetched in artifact-only run,5.0,WATCHLIST,0.0,"HR price captured, but fair probability is unavailable without Statcast/pitch-type and confirmed lineup context; not a bet.",draftkings,2026-05-01
289,Tyler Heineman,unavailable,TOR@MIN,unavailable,1440,0.0649,,,,neutral/mild,unavailable: pitch-type data not fetched in artifact-only run,5.0,WATCHLIST,0.0,"HR price captured, but fair probability is unavailable without Statcast/pitch-type and confirmed lineup context; not a bet.",draftkings,2026-05-01
290,Luisangel Acuna,unavailable,CWS@SD,unavailable,1450,0.0645,,,,neutral/mild,unavailable: pitch-type data not fetched in artifact-only run,5.0,WATCHLIST,0.0,"HR price captured, but fair probability is unavailable without Statcast/pitch-type and confirmed lineup context; not a bet.",rotowire_props_yes_only,2026-05-01
291,Hyeseong Kim,unavailable,LAD@STL,unavailable,1475,0.0635,,,,neutral/mild,unavailable: pitch-type data not fetched in artifact-only run,5.0,WATCHLIST,0.0,"HR price captured, but fair probability is unavailable without Statcast/pitch-type and confirmed lineup context; not a bet.",rotowire_props_yes_only,2026-05-01
292,Jorge Barrosa,unavailable,AZ@CHC,unavailable,1500,0.0625,,,,neutral/mild,unavailable: pitch-type data not fetched in artifact-only run,5.0,WATCHLIST,0.0,"HR price captured, but fair probability is unavailable without Statcast/pitch-type and confirmed lineup context; not a bet.",draftkings,2026-05-01
293,Luis Arraez,unavailable,SF@TB,unavailable,1540,0.061,,,,neutral dome,unavailable: pitch-type data not fetched in artifact-only run,5.0,WATCHLIST,0.0,"HR price captured, but fair probability is unavailable without Statcast/pitch-type and confirmed lineup context; not a bet.",draftkings,2026-05-01
294,Victor Scott II,unavailable,LAD@STL,unavailable,1560,0.0602,,,,neutral/mild,unavailable: pitch-type data not fetched in artifact-only run,5.0,WATCHLIST,0.0,"HR price captured, but fair probability is unavailable without Statcast/pitch-type and confirmed lineup context; not a bet.",draftkings,2026-05-01
295,Geraldo Perdomo,unavailable,AZ@CHC,unavailable,1600,0.0588,,,,neutral/mild,unavailable: pitch-type data not fetched in artifact-only run,5.0,WATCHLIST,0.0,"HR price captured, but fair probability is unavailable without Statcast/pitch-type and confirmed lineup context; not a bet.",draftkings,2026-05-01
296,Ildemaro Vargas,unavailable,AZ@CHC,unavailable,1820,0.0521,,,,neutral/mild,unavailable: pitch-type data not fetched in artifact-only run,5.0,WATCHLIST,0.0,"HR price captured, but fair probability is unavailable without Statcast/pitch-type and confirmed lineup context; not a bet.",draftkings,2026-05-01
297,Nico Hoerner,unavailable,AZ@CHC,unavailable,1820,0.0521,,,,neutral/mild,unavailable: pitch-type data not fetched in artifact-only run,5.0,WATCHLIST,0.0,"HR price captured, but fair probability is unavailable without Statcast/pitch-type and confirmed lineup context; not a bet.",draftkings,2026-05-01
298,Chandler Simpson,unavailable,SF@TB,unavailable,2600,0.037,,,,neutral dome,unavailable: pitch-type data not fetched in artifact-only run,5.0,WATCHLIST,0.0,"HR price captured, but fair probability is unavailable without Statcast/pitch-type and confirmed lineup context; not a bet.",draftkings,2026-05-01
